player_id,experiment_id,variant,exposed_date,retained_d7,made_purchase_7d,revenue_7d
p_000001,xp_onboarding_mission_pack,control,2026-02-19,0,0,0.00
p_000002,xp_onboarding_mission_pack,mission_pack,2026-01-06,0,0,0.00
p_000003,xp_onboarding_mission_pack,control,2026-02-08,1,0,0.00
p_000004,xp_onboarding_mission_pack,control,2026-02-23,1,0,0.00
p_000005,xp_onboarding_mission_pack,control,2026-01-03,0,0,0.00
p_000006,xp_onboarding_mission_pack,control,2026-02-16,0,0,0.00
p_000007,xp_onboarding_mission_pack,control,2026-02-09,1,0,0.00
p_000008,xp_onboarding_mission_pack,control,2026-02-24,0,0,0.00
p_000009,xp_onboarding_mission_pack,mission_pack,2026-01-04,0,0,0.00
p_000010,xp_onboarding_mission_pack,mission_pack,2026-01-10,1,0,0.00
p_000011,xp_onboarding_mission_pack,mission_pack,2026-02-17,0,0,0.00
p_000012,xp_onboarding_mission_pack,control,2026-01-20,1,0,0.00
p_000013,xp_onboarding_mission_pack,control,2026-01-24,0,0,0.00
p_000014,xp_onboarding_mission_pack,mission_pack,2026-01-20,1,0,0.00
p_000015,xp_onboarding_mission_pack,control,2026-01-20,0,0,0.00
p_000016,xp_onboarding_mission_pack,control,2026-01-06,0,0,0.00
p_000017,xp_onboarding_mission_pack,mission_pack,2026-02-13,0,0,0.00
p_000018,xp_onboarding_mission_pack,control,2026-01-25,0,0,0.00
p_000019,xp_onboarding_mission_pack,mission_pack,2026-01-27,0,0,0.00
p_000020,xp_onboarding_mission_pack,mission_pack,2026-01-02,1,0,0.00
p_000021,xp_onboarding_mission_pack,control,2026-02-22,0,0,0.00
p_000022,xp_onboarding_mission_pack,control,2026-01-11,1,0,0.00
p_000023,xp_onboarding_mission_pack,mission_pack,2026-02-22,0,0,0.00
p_000024,xp_onboarding_mission_pack,mission_pack,2026-02-05,0,0,0.00
p_000025,xp_onboarding_mission_pack,control,2026-02-19,0,0,0.00
p_000026,xp_onboarding_mission_pack,mission_pack,2026-01-30,0,0,0.00
p_000027,xp_onboarding_mission_pack,control,2026-02-11,1,0,0.00
p_000028,xp_onboarding_mission_pack,mission_pack,2026-01-07,0,0,0.00
p_000029,xp_onboarding_mission_pack,mission_pack,2026-01-31,0,0,0.00
p_000030,xp_onboarding_mission_pack,control,2026-02-09,1,0,0.00
p_000031,xp_onboarding_mission_pack,control,2026-01-27,0,0,0.00
p_000032,xp_onboarding_mission_pack,mission_pack,2026-02-24,1,0,0.00
p_000033,xp_onboarding_mission_pack,control,2026-02-19,0,0,0.00
p_000034,xp_onboarding_mission_pack,mission_pack,2026-02-13,0,0,0.00
p_000035,xp_onboarding_mission_pack,control,2026-02-09,0,0,0.00
p_000036,xp_onboarding_mission_pack,control,2026-01-24,0,0,0.00
p_000037,xp_onboarding_mission_pack,mission_pack,2026-02-02,1,0,0.00
p_000038,xp_onboarding_mission_pack,mission_pack,2026-02-03,1,0,0.00
p_000039,xp_onboarding_mission_pack,mission_pack,2026-02-12,1,0,0.00
p_000040,xp_onboarding_mission_pack,control,2026-02-07,1,0,0.00
p_000041,xp_onboarding_mission_pack,mission_pack,2026-02-23,0,0,0.00
p_000042,xp_onboarding_mission_pack,mission_pack,2026-01-07,0,0,0.00
p_000043,xp_onboarding_mission_pack,mission_pack,2026-01-07,0,0,0.00
p_000044,xp_onboarding_mission_pack,mission_pack,2026-02-13,1,0,0.00
p_000045,xp_onboarding_mission_pack,control,2026-01-16,0,0,0.00
p_000046,xp_onboarding_mission_pack,control,2026-01-04,1,0,0.00
p_000047,xp_onboarding_mission_pack,control,2026-02-11,1,0,0.00
p_000048,xp_onboarding_mission_pack,mission_pack,2026-02-11,0,0,0.00
p_000049,xp_onboarding_mission_pack,mission_pack,2026-02-08,1,0,0.00
p_000050,xp_onboarding_mission_pack,control,2026-01-06,0,0,0.00
p_000051,xp_onboarding_mission_pack,control,2026-02-05,1,0,0.00
p_000052,xp_onboarding_mission_pack,control,2026-01-21,1,0,0.00
p_000053,xp_onboarding_mission_pack,mission_pack,2026-02-18,1,0,0.00
p_000054,xp_onboarding_mission_pack,control,2026-01-22,0,1,4.99
p_000055,xp_onboarding_mission_pack,control,2026-01-02,1,0,0.00
p_000056,xp_onboarding_mission_pack,mission_pack,2026-02-08,0,0,0.00
p_000057,xp_onboarding_mission_pack,mission_pack,2026-01-18,1,0,0.00
p_000058,xp_onboarding_mission_pack,mission_pack,2026-02-18,1,0,0.00
p_000059,xp_onboarding_mission_pack,mission_pack,2026-01-03,0,0,0.00
p_000060,xp_onboarding_mission_pack,control,2026-01-25,0,0,0.00
p_000061,xp_onboarding_mission_pack,mission_pack,2026-01-12,0,0,0.00
p_000062,xp_onboarding_mission_pack,control,2026-01-03,0,0,0.00
p_000063,xp_onboarding_mission_pack,mission_pack,2026-01-07,0,0,0.00
p_000064,xp_onboarding_mission_pack,control,2026-01-11,0,0,0.00
p_000065,xp_onboarding_mission_pack,control,2026-02-12,1,0,0.00
p_000066,xp_onboarding_mission_pack,mission_pack,2026-01-28,0,0,0.00
p_000067,xp_onboarding_mission_pack,mission_pack,2026-02-10,0,0,0.00
p_000068,xp_onboarding_mission_pack,control,2026-01-15,0,0,0.00
p_000069,xp_onboarding_mission_pack,control,2026-02-10,1,0,0.00
p_000070,xp_onboarding_mission_pack,control,2026-02-12,1,0,0.00
p_000071,xp_onboarding_mission_pack,control,2026-02-20,0,0,0.00
p_000072,xp_onboarding_mission_pack,control,2026-01-30,1,0,0.00
p_000073,xp_onboarding_mission_pack,control,2026-01-08,0,0,0.00
p_000074,xp_onboarding_mission_pack,mission_pack,2026-01-23,0,0,0.00
p_000075,xp_onboarding_mission_pack,control,2026-01-21,1,0,0.00
p_000076,xp_onboarding_mission_pack,control,2026-02-24,0,0,0.00
p_000077,xp_onboarding_mission_pack,mission_pack,2026-02-10,0,0,0.00
p_000078,xp_onboarding_mission_pack,control,2026-01-15,1,0,0.00
p_000079,xp_onboarding_mission_pack,control,2026-02-09,1,0,0.00
p_000080,xp_onboarding_mission_pack,control,2026-01-22,1,0,0.00
p_000081,xp_onboarding_mission_pack,control,2026-02-17,0,0,0.00
p_000082,xp_onboarding_mission_pack,control,2026-01-23,0,0,0.00
p_000083,xp_onboarding_mission_pack,mission_pack,2026-02-01,0,0,0.00
p_000084,xp_onboarding_mission_pack,control,2026-02-09,0,0,0.00
p_000085,xp_onboarding_mission_pack,mission_pack,2026-01-02,0,0,0.00
p_000086,xp_onboarding_mission_pack,mission_pack,2026-02-10,1,0,0.00
p_000087,xp_onboarding_mission_pack,control,2026-02-06,1,0,0.00
p_000088,xp_onboarding_mission_pack,control,2026-02-02,1,0,0.00
p_000089,xp_onboarding_mission_pack,control,2026-01-23,0,0,0.00
p_000090,xp_onboarding_mission_pack,control,2026-01-11,0,0,0.00
p_000091,xp_onboarding_mission_pack,control,2026-02-22,0,0,0.00
p_000092,xp_onboarding_mission_pack,mission_pack,2026-01-06,0,0,0.00
p_000093,xp_onboarding_mission_pack,control,2026-02-11,1,0,0.00
p_000094,xp_onboarding_mission_pack,control,2026-02-05,1,0,0.00
p_000095,xp_onboarding_mission_pack,control,2026-02-22,0,0,0.00
p_000096,xp_onboarding_mission_pack,control,2026-01-20,0,0,0.00
p_000097,xp_onboarding_mission_pack,control,2026-02-23,1,0,0.00
p_000098,xp_onboarding_mission_pack,control,2026-01-25,0,0,0.00
p_000099,xp_onboarding_mission_pack,mission_pack,2026-02-01,0,0,0.00
p_000100,xp_onboarding_mission_pack,mission_pack,2026-02-03,1,0,0.00
p_000101,xp_onboarding_mission_pack,mission_pack,2026-01-08,0,0,0.00
p_000102,xp_onboarding_mission_pack,mission_pack,2026-02-19,0,0,0.00
p_000103,xp_onboarding_mission_pack,mission_pack,2026-02-14,0,0,0.00
p_000104,xp_onboarding_mission_pack,control,2026-02-09,0,0,0.00
p_000105,xp_onboarding_mission_pack,control,2026-01-02,1,0,0.00
p_000106,xp_onboarding_mission_pack,control,2026-01-03,1,0,0.00
p_000107,xp_onboarding_mission_pack,control,2026-01-03,0,0,0.00
p_000108,xp_onboarding_mission_pack,mission_pack,2026-01-12,1,0,0.00
p_000109,xp_onboarding_mission_pack,control,2026-02-14,1,1,4.99
p_000110,xp_onboarding_mission_pack,control,2026-02-02,0,0,0.00
p_000111,xp_onboarding_mission_pack,control,2026-02-23,0,0,0.00
p_000112,xp_onboarding_mission_pack,control,2026-02-07,0,0,0.00
p_000113,xp_onboarding_mission_pack,control,2026-02-21,0,0,0.00
p_000114,xp_onboarding_mission_pack,control,2026-02-05,1,0,0.00
p_000115,xp_onboarding_mission_pack,control,2026-01-30,1,0,0.00
p_000116,xp_onboarding_mission_pack,mission_pack,2026-01-30,0,0,0.00
p_000117,xp_onboarding_mission_pack,control,2026-02-08,0,0,0.00
p_000118,xp_onboarding_mission_pack,mission_pack,2026-02-02,0,0,0.00
p_000119,xp_onboarding_mission_pack,mission_pack,2026-01-19,0,0,0.00
p_000120,xp_onboarding_mission_pack,mission_pack,2026-02-01,0,0,0.00
p_000121,xp_onboarding_mission_pack,mission_pack,2026-01-30,0,0,0.00
p_000122,xp_onboarding_mission_pack,control,2026-01-29,0,0,0.00
p_000123,xp_onboarding_mission_pack,control,2026-01-06,0,0,0.00
p_000124,xp_onboarding_mission_pack,mission_pack,2026-02-08,0,0,0.00
p_000125,xp_onboarding_mission_pack,control,2026-02-19,0,0,0.00
p_000126,xp_onboarding_mission_pack,control,2026-01-30,0,0,0.00
p_000127,xp_onboarding_mission_pack,control,2026-02-06,1,0,0.00
p_000128,xp_onboarding_mission_pack,mission_pack,2026-02-24,0,0,0.00
p_000129,xp_onboarding_mission_pack,control,2026-01-13,0,0,0.00
p_000130,xp_onboarding_mission_pack,control,2026-01-08,0,0,0.00
p_000131,xp_onboarding_mission_pack,control,2026-02-15,1,0,0.00
p_000132,xp_onboarding_mission_pack,mission_pack,2026-02-15,0,0,0.00
p_000133,xp_onboarding_mission_pack,control,2026-02-18,0,0,0.00
p_000134,xp_onboarding_mission_pack,control,2026-01-14,0,0,0.00
p_000135,xp_onboarding_mission_pack,mission_pack,2026-01-04,0,0,0.00
p_000136,xp_onboarding_mission_pack,mission_pack,2026-02-12,0,0,0.00
p_000137,xp_onboarding_mission_pack,control,2026-01-02,0,0,0.00
p_000138,xp_onboarding_mission_pack,mission_pack,2026-01-01,0,0,0.00
p_000139,xp_onboarding_mission_pack,mission_pack,2026-02-21,0,0,0.00
p_000140,xp_onboarding_mission_pack,control,2026-02-14,0,0,0.00
p_000141,xp_onboarding_mission_pack,control,2026-01-06,1,0,0.00
p_000142,xp_onboarding_mission_pack,control,2026-02-06,0,0,0.00
p_000143,xp_onboarding_mission_pack,mission_pack,2026-02-06,0,0,0.00
p_000144,xp_onboarding_mission_pack,control,2026-01-12,0,0,0.00
p_000145,xp_onboarding_mission_pack,mission_pack,2026-01-11,1,0,0.00
p_000146,xp_onboarding_mission_pack,control,2026-02-22,0,0,0.00
p_000147,xp_onboarding_mission_pack,mission_pack,2026-02-20,0,0,0.00
p_000148,xp_onboarding_mission_pack,control,2026-01-12,1,0,0.00
p_000149,xp_onboarding_mission_pack,mission_pack,2026-01-16,1,0,0.00
p_000150,xp_onboarding_mission_pack,mission_pack,2026-02-16,0,0,0.00
p_000151,xp_onboarding_mission_pack,mission_pack,2026-01-07,1,0,0.00
p_000152,xp_onboarding_mission_pack,mission_pack,2026-02-03,1,0,0.00
p_000153,xp_onboarding_mission_pack,mission_pack,2026-02-20,0,0,0.00
p_000154,xp_onboarding_mission_pack,control,2026-01-28,1,0,0.00
p_000155,xp_onboarding_mission_pack,control,2026-01-13,1,0,0.00
p_000156,xp_onboarding_mission_pack,control,2026-01-12,1,0,0.00
p_000157,xp_onboarding_mission_pack,control,2026-01-25,0,0,0.00
p_000158,xp_onboarding_mission_pack,control,2026-02-03,0,0,0.00
p_000159,xp_onboarding_mission_pack,control,2026-01-02,1,0,0.00
p_000160,xp_onboarding_mission_pack,control,2026-02-07,0,0,0.00
p_000161,xp_onboarding_mission_pack,mission_pack,2026-01-23,1,0,0.00
p_000162,xp_onboarding_mission_pack,mission_pack,2026-02-11,0,0,0.00
p_000163,xp_onboarding_mission_pack,control,2026-02-02,0,0,0.00
p_000164,xp_onboarding_mission_pack,mission_pack,2026-01-16,0,0,0.00
p_000165,xp_onboarding_mission_pack,mission_pack,2026-01-26,1,0,0.00
p_000166,xp_onboarding_mission_pack,control,2026-01-11,1,0,0.00
p_000167,xp_onboarding_mission_pack,mission_pack,2026-02-16,1,0,0.00
p_000168,xp_onboarding_mission_pack,mission_pack,2026-02-11,0,0,0.00
p_000169,xp_onboarding_mission_pack,mission_pack,2026-02-11,0,0,0.00
p_000170,xp_onboarding_mission_pack,control,2026-01-16,0,0,0.00
p_000171,xp_onboarding_mission_pack,control,2026-01-09,0,0,0.00
p_000172,xp_onboarding_mission_pack,mission_pack,2026-02-13,1,0,0.00
p_000173,xp_onboarding_mission_pack,control,2026-01-25,0,0,0.00
p_000174,xp_onboarding_mission_pack,mission_pack,2026-01-02,1,0,0.00
p_000175,xp_onboarding_mission_pack,mission_pack,2026-01-08,0,0,0.00
p_000176,xp_onboarding_mission_pack,mission_pack,2026-01-23,0,0,0.00
p_000177,xp_onboarding_mission_pack,control,2026-01-25,1,0,0.00
p_000178,xp_onboarding_mission_pack,mission_pack,2026-01-28,1,0,0.00
p_000179,xp_onboarding_mission_pack,mission_pack,2026-01-10,1,0,0.00
p_000180,xp_onboarding_mission_pack,control,2026-01-16,1,0,0.00
p_000181,xp_onboarding_mission_pack,mission_pack,2026-01-18,0,0,0.00
p_000182,xp_onboarding_mission_pack,mission_pack,2026-01-20,1,0,0.00
p_000183,xp_onboarding_mission_pack,mission_pack,2026-02-22,1,0,0.00
p_000184,xp_onboarding_mission_pack,mission_pack,2026-02-21,0,0,0.00
p_000185,xp_onboarding_mission_pack,control,2026-01-30,1,0,0.00
p_000186,xp_onboarding_mission_pack,control,2026-02-07,1,0,0.00
p_000187,xp_onboarding_mission_pack,control,2026-02-21,0,0,0.00
p_000188,xp_onboarding_mission_pack,control,2026-02-16,1,0,0.00
p_000189,xp_onboarding_mission_pack,mission_pack,2026-02-09,0,0,0.00
p_000190,xp_onboarding_mission_pack,mission_pack,2026-02-03,0,0,0.00
p_000191,xp_onboarding_mission_pack,mission_pack,2026-02-04,0,0,0.00
p_000192,xp_onboarding_mission_pack,mission_pack,2026-01-12,1,0,0.00
p_000193,xp_onboarding_mission_pack,control,2026-02-11,0,0,0.00
p_000194,xp_onboarding_mission_pack,mission_pack,2026-02-11,1,0,0.00
p_000195,xp_onboarding_mission_pack,control,2026-02-12,1,0,0.00
p_000196,xp_onboarding_mission_pack,mission_pack,2026-02-22,0,0,0.00
p_000197,xp_onboarding_mission_pack,control,2026-01-24,0,0,0.00
p_000198,xp_onboarding_mission_pack,mission_pack,2026-01-14,1,0,0.00
p_000199,xp_onboarding_mission_pack,control,2026-01-27,0,0,0.00
p_000200,xp_onboarding_mission_pack,control,2026-01-22,0,0,0.00
p_000201,xp_onboarding_mission_pack,control,2026-01-11,0,0,0.00
p_000202,xp_onboarding_mission_pack,mission_pack,2026-01-28,0,0,0.00
p_000203,xp_onboarding_mission_pack,mission_pack,2026-02-07,0,0,0.00
p_000204,xp_onboarding_mission_pack,mission_pack,2026-01-31,1,0,0.00
p_000205,xp_onboarding_mission_pack,control,2026-01-09,1,0,0.00
p_000206,xp_onboarding_mission_pack,mission_pack,2026-01-14,0,0,0.00
p_000207,xp_onboarding_mission_pack,control,2026-02-12,1,0,0.00
p_000208,xp_onboarding_mission_pack,control,2026-01-24,1,0,0.00
p_000209,xp_onboarding_mission_pack,mission_pack,2026-01-02,1,0,0.00
p_000210,xp_onboarding_mission_pack,control,2026-01-21,1,0,0.00
p_000211,xp_onboarding_mission_pack,mission_pack,2026-02-21,0,0,0.00
p_000212,xp_onboarding_mission_pack,mission_pack,2026-01-16,0,0,0.00
p_000213,xp_onboarding_mission_pack,control,2026-01-11,0,0,0.00
p_000214,xp_onboarding_mission_pack,mission_pack,2026-02-10,1,0,0.00
p_000215,xp_onboarding_mission_pack,mission_pack,2026-01-04,1,0,0.00
p_000216,xp_onboarding_mission_pack,mission_pack,2026-02-10,0,0,0.00
p_000217,xp_onboarding_mission_pack,control,2026-01-11,0,0,0.00
p_000218,xp_onboarding_mission_pack,control,2026-01-19,0,0,0.00
p_000219,xp_onboarding_mission_pack,mission_pack,2026-01-04,0,1,9.99
p_000220,xp_onboarding_mission_pack,control,2026-01-16,1,0,0.00
p_000221,xp_onboarding_mission_pack,mission_pack,2026-02-23,1,0,0.00
p_000222,xp_onboarding_mission_pack,control,2026-01-04,0,0,0.00
p_000223,xp_onboarding_mission_pack,mission_pack,2026-02-10,0,0,0.00
p_000224,xp_onboarding_mission_pack,mission_pack,2026-02-15,0,0,0.00
p_000225,xp_onboarding_mission_pack,control,2026-01-23,0,0,0.00
p_000226,xp_onboarding_mission_pack,control,2026-02-16,1,0,0.00
p_000227,xp_onboarding_mission_pack,control,2026-01-26,1,0,0.00
p_000228,xp_onboarding_mission_pack,mission_pack,2026-01-26,0,0,0.00
p_000229,xp_onboarding_mission_pack,mission_pack,2026-02-18,0,0,0.00
p_000230,xp_onboarding_mission_pack,mission_pack,2026-01-10,0,0,0.00
p_000231,xp_onboarding_mission_pack,control,2026-01-24,1,0,0.00
p_000232,xp_onboarding_mission_pack,control,2026-01-09,0,0,0.00
p_000233,xp_onboarding_mission_pack,mission_pack,2026-01-17,1,0,0.00
p_000234,xp_onboarding_mission_pack,mission_pack,2026-02-15,1,0,0.00
p_000235,xp_onboarding_mission_pack,control,2026-01-01,0,0,0.00
p_000236,xp_onboarding_mission_pack,control,2026-01-31,0,0,0.00
p_000237,xp_onboarding_mission_pack,mission_pack,2026-01-22,1,0,0.00
p_000238,xp_onboarding_mission_pack,mission_pack,2026-01-31,0,0,0.00
p_000239,xp_onboarding_mission_pack,control,2026-01-02,0,0,0.00
p_000240,xp_onboarding_mission_pack,control,2026-01-17,0,0,0.00
p_000241,xp_onboarding_mission_pack,control,2026-02-22,0,0,0.00
p_000242,xp_onboarding_mission_pack,control,2026-02-03,0,0,0.00
p_000243,xp_onboarding_mission_pack,control,2026-01-07,0,0,0.00
p_000244,xp_onboarding_mission_pack,control,2026-01-04,1,0,0.00
p_000245,xp_onboarding_mission_pack,mission_pack,2026-01-21,0,0,0.00
p_000246,xp_onboarding_mission_pack,mission_pack,2026-01-23,0,0,0.00
p_000247,xp_onboarding_mission_pack,control,2026-01-18,0,0,0.00
p_000248,xp_onboarding_mission_pack,mission_pack,2026-02-18,1,0,0.00
p_000249,xp_onboarding_mission_pack,control,2026-02-08,0,0,0.00
p_000250,xp_onboarding_mission_pack,mission_pack,2026-01-07,1,0,0.00
p_000251,xp_onboarding_mission_pack,control,2026-02-22,0,1,9.99
p_000252,xp_onboarding_mission_pack,control,2026-01-02,1,0,0.00
p_000253,xp_onboarding_mission_pack,control,2026-02-15,0,0,0.00
p_000254,xp_onboarding_mission_pack,control,2026-01-07,0,0,0.00
p_000255,xp_onboarding_mission_pack,mission_pack,2026-01-25,0,0,0.00
p_000256,xp_onboarding_mission_pack,control,2026-01-19,1,0,0.00
p_000257,xp_onboarding_mission_pack,control,2026-01-17,1,0,0.00
p_000258,xp_onboarding_mission_pack,mission_pack,2026-01-03,1,0,0.00
p_000259,xp_onboarding_mission_pack,mission_pack,2026-02-24,1,0,0.00
p_000260,xp_onboarding_mission_pack,control,2026-01-04,0,0,0.00
p_000261,xp_onboarding_mission_pack,control,2026-01-28,0,0,0.00
p_000262,xp_onboarding_mission_pack,control,2026-01-25,1,0,0.00
p_000263,xp_onboarding_mission_pack,control,2026-01-05,0,0,0.00
p_000264,xp_onboarding_mission_pack,mission_pack,2026-02-19,0,0,0.00
p_000265,xp_onboarding_mission_pack,mission_pack,2026-01-30,0,0,0.00
p_000266,xp_onboarding_mission_pack,mission_pack,2026-01-10,0,0,0.00
p_000267,xp_onboarding_mission_pack,control,2026-01-01,0,0,0.00
p_000268,xp_onboarding_mission_pack,control,2026-01-03,1,1,9.99
p_000269,xp_onboarding_mission_pack,mission_pack,2026-02-08,1,0,0.00
p_000270,xp_onboarding_mission_pack,control,2026-02-20,0,0,0.00
p_000271,xp_onboarding_mission_pack,mission_pack,2026-01-19,0,0,0.00
p_000272,xp_onboarding_mission_pack,control,2026-01-12,0,0,0.00
p_000273,xp_onboarding_mission_pack,mission_pack,2026-02-13,1,0,0.00
p_000274,xp_onboarding_mission_pack,mission_pack,2026-02-18,0,0,0.00
p_000275,xp_onboarding_mission_pack,control,2026-01-30,1,0,0.00
p_000276,xp_onboarding_mission_pack,mission_pack,2026-02-07,1,0,0.00
p_000277,xp_onboarding_mission_pack,control,2026-01-17,0,0,0.00
p_000278,xp_onboarding_mission_pack,control,2026-01-30,0,0,0.00
p_000279,xp_onboarding_mission_pack,mission_pack,2026-02-22,0,0,0.00
p_000280,xp_onboarding_mission_pack,mission_pack,2026-01-02,1,0,0.00
p_000281,xp_onboarding_mission_pack,control,2026-01-14,1,0,0.00
p_000282,xp_onboarding_mission_pack,control,2026-02-19,1,0,0.00
p_000283,xp_onboarding_mission_pack,mission_pack,2026-02-23,0,0,0.00
p_000284,xp_onboarding_mission_pack,control,2026-01-24,1,0,0.00
p_000285,xp_onboarding_mission_pack,control,2026-02-05,1,0,0.00
p_000286,xp_onboarding_mission_pack,control,2026-02-07,0,0,0.00
p_000287,xp_onboarding_mission_pack,control,2026-02-13,1,0,0.00
p_000288,xp_onboarding_mission_pack,mission_pack,2026-01-01,1,0,0.00
p_000289,xp_onboarding_mission_pack,control,2026-02-07,1,0,0.00
p_000290,xp_onboarding_mission_pack,control,2026-02-02,0,0,0.00
p_000291,xp_onboarding_mission_pack,control,2026-01-26,0,0,0.00
p_000292,xp_onboarding_mission_pack,mission_pack,2026-02-05,0,0,0.00
p_000293,xp_onboarding_mission_pack,mission_pack,2026-01-27,0,0,0.00
p_000294,xp_onboarding_mission_pack,mission_pack,2026-01-29,0,0,0.00
p_000295,xp_onboarding_mission_pack,mission_pack,2026-01-15,0,0,0.00
p_000296,xp_onboarding_mission_pack,control,2026-01-27,0,0,0.00
p_000297,xp_onboarding_mission_pack,mission_pack,2026-02-18,0,0,0.00
p_000298,xp_onboarding_mission_pack,mission_pack,2026-02-18,1,0,0.00
p_000299,xp_onboarding_mission_pack,control,2026-01-02,0,0,0.00
p_000300,xp_onboarding_mission_pack,control,2026-02-19,0,0,0.00
p_000301,xp_onboarding_mission_pack,mission_pack,2026-02-19,0,0,0.00
p_000302,xp_onboarding_mission_pack,mission_pack,2026-01-09,0,0,0.00
p_000303,xp_onboarding_mission_pack,mission_pack,2026-01-12,0,0,0.00
p_000304,xp_onboarding_mission_pack,mission_pack,2026-01-19,0,0,0.00
p_000305,xp_onboarding_mission_pack,control,2026-01-29,1,0,0.00
p_000306,xp_onboarding_mission_pack,mission_pack,2026-02-20,0,0,0.00
p_000307,xp_onboarding_mission_pack,mission_pack,2026-01-03,0,0,0.00
p_000308,xp_onboarding_mission_pack,mission_pack,2026-02-04,1,0,0.00
p_000309,xp_onboarding_mission_pack,mission_pack,2026-01-31,0,0,0.00
p_000310,xp_onboarding_mission_pack,control,2026-01-03,1,0,0.00
p_000311,xp_onboarding_mission_pack,control,2026-01-16,1,0,0.00
p_000312,xp_onboarding_mission_pack,mission_pack,2026-02-19,0,0,0.00
p_000313,xp_onboarding_mission_pack,control,2026-02-02,1,0,0.00
p_000314,xp_onboarding_mission_pack,control,2026-01-17,1,0,0.00
p_000315,xp_onboarding_mission_pack,control,2026-01-12,0,0,0.00
p_000316,xp_onboarding_mission_pack,mission_pack,2026-02-05,0,0,0.00
p_000317,xp_onboarding_mission_pack,control,2026-01-01,1,0,0.00
p_000318,xp_onboarding_mission_pack,control,2026-02-24,0,0,0.00
p_000319,xp_onboarding_mission_pack,mission_pack,2026-02-04,1,0,0.00
p_000320,xp_onboarding_mission_pack,mission_pack,2026-02-19,0,0,0.00
p_000321,xp_onboarding_mission_pack,mission_pack,2026-02-03,1,0,0.00
p_000322,xp_onboarding_mission_pack,control,2026-01-04,0,0,0.00
p_000323,xp_onboarding_mission_pack,control,2026-01-05,0,0,0.00
p_000324,xp_onboarding_mission_pack,control,2026-01-26,0,0,0.00
p_000325,xp_onboarding_mission_pack,mission_pack,2026-02-07,1,0,0.00
p_000326,xp_onboarding_mission_pack,control,2026-01-18,0,0,0.00
p_000327,xp_onboarding_mission_pack,control,2026-01-06,1,0,0.00
p_000328,xp_onboarding_mission_pack,mission_pack,2026-01-13,0,0,0.00
p_000329,xp_onboarding_mission_pack,mission_pack,2026-01-07,0,0,0.00
p_000330,xp_onboarding_mission_pack,control,2026-02-12,0,0,0.00
p_000331,xp_onboarding_mission_pack,control,2026-02-14,0,0,0.00
p_000332,xp_onboarding_mission_pack,control,2026-02-06,1,0,0.00
p_000333,xp_onboarding_mission_pack,control,2026-01-17,1,0,0.00
p_000334,xp_onboarding_mission_pack,control,2026-01-27,0,0,0.00
p_000335,xp_onboarding_mission_pack,mission_pack,2026-01-20,1,0,0.00
p_000336,xp_onboarding_mission_pack,mission_pack,2026-01-03,1,0,0.00
p_000337,xp_onboarding_mission_pack,mission_pack,2026-01-25,1,0,0.00
p_000338,xp_onboarding_mission_pack,mission_pack,2026-01-18,0,1,4.99
p_000339,xp_onboarding_mission_pack,control,2026-01-10,0,0,0.00
p_000340,xp_onboarding_mission_pack,control,2026-01-07,1,0,0.00
p_000341,xp_onboarding_mission_pack,control,2026-01-28,0,0,0.00
p_000342,xp_onboarding_mission_pack,control,2026-01-01,1,0,0.00
p_000343,xp_onboarding_mission_pack,control,2026-01-22,1,1,19.99
p_000344,xp_onboarding_mission_pack,mission_pack,2026-01-08,0,0,0.00
p_000345,xp_onboarding_mission_pack,control,2026-01-21,0,0,0.00
p_000346,xp_onboarding_mission_pack,mission_pack,2026-01-28,0,1,9.98
p_000347,xp_onboarding_mission_pack,mission_pack,2026-02-07,0,0,0.00
p_000348,xp_onboarding_mission_pack,control,2026-01-16,1,0,0.00
p_000349,xp_onboarding_mission_pack,mission_pack,2026-02-15,0,0,0.00
p_000350,xp_onboarding_mission_pack,control,2026-01-29,0,0,0.00
p_000351,xp_onboarding_mission_pack,control,2026-02-16,0,0,0.00
p_000352,xp_onboarding_mission_pack,control,2026-02-05,0,0,0.00
p_000353,xp_onboarding_mission_pack,control,2026-02-22,1,0,0.00
p_000354,xp_onboarding_mission_pack,mission_pack,2026-01-17,0,0,0.00
p_000355,xp_onboarding_mission_pack,mission_pack,2026-01-02,0,0,0.00
p_000356,xp_onboarding_mission_pack,control,2026-02-17,0,0,0.00
p_000357,xp_onboarding_mission_pack,control,2026-01-03,0,0,0.00
p_000358,xp_onboarding_mission_pack,control,2026-01-12,1,0,0.00
p_000359,xp_onboarding_mission_pack,mission_pack,2026-01-12,0,0,0.00
p_000360,xp_onboarding_mission_pack,mission_pack,2026-02-21,1,0,0.00
p_000361,xp_onboarding_mission_pack,control,2026-02-16,0,0,0.00
p_000362,xp_onboarding_mission_pack,mission_pack,2026-01-07,1,0,0.00
p_000363,xp_onboarding_mission_pack,mission_pack,2026-01-07,0,0,0.00
p_000364,xp_onboarding_mission_pack,mission_pack,2026-02-16,0,0,0.00
p_000365,xp_onboarding_mission_pack,control,2026-01-21,0,0,0.00
p_000366,xp_onboarding_mission_pack,control,2026-01-07,1,0,0.00
p_000367,xp_onboarding_mission_pack,control,2026-01-02,0,0,0.00
p_000368,xp_onboarding_mission_pack,control,2026-01-23,1,0,0.00
p_000369,xp_onboarding_mission_pack,control,2026-02-02,0,0,0.00
p_000370,xp_onboarding_mission_pack,control,2026-01-30,1,0,0.00
p_000371,xp_onboarding_mission_pack,mission_pack,2026-01-07,1,0,0.00
p_000372,xp_onboarding_mission_pack,control,2026-02-24,0,0,0.00
p_000373,xp_onboarding_mission_pack,mission_pack,2026-01-17,1,0,0.00
p_000374,xp_onboarding_mission_pack,mission_pack,2026-01-28,1,0,0.00
p_000375,xp_onboarding_mission_pack,control,2026-01-23,0,0,0.00
p_000376,xp_onboarding_mission_pack,mission_pack,2026-01-14,1,0,0.00
p_000377,xp_onboarding_mission_pack,control,2026-02-11,0,0,0.00
p_000378,xp_onboarding_mission_pack,control,2026-02-10,1,0,0.00
p_000379,xp_onboarding_mission_pack,mission_pack,2026-02-20,0,0,0.00
p_000380,xp_onboarding_mission_pack,control,2026-02-19,0,0,0.00
p_000381,xp_onboarding_mission_pack,mission_pack,2026-01-04,1,0,0.00
p_000382,xp_onboarding_mission_pack,mission_pack,2026-01-02,0,0,0.00
p_000383,xp_onboarding_mission_pack,mission_pack,2026-01-28,1,0,0.00
p_000384,xp_onboarding_mission_pack,mission_pack,2026-01-20,1,0,0.00
p_000385,xp_onboarding_mission_pack,control,2026-02-05,0,0,0.00
p_000386,xp_onboarding_mission_pack,mission_pack,2026-02-08,0,0,0.00
p_000387,xp_onboarding_mission_pack,control,2026-01-24,0,0,0.00
p_000388,xp_onboarding_mission_pack,mission_pack,2026-01-04,0,0,0.00
p_000389,xp_onboarding_mission_pack,control,2026-02-17,1,0,0.00
p_000390,xp_onboarding_mission_pack,mission_pack,2026-02-05,1,0,0.00
p_000391,xp_onboarding_mission_pack,control,2026-01-10,0,0,0.00
p_000392,xp_onboarding_mission_pack,control,2026-02-14,1,0,0.00
p_000393,xp_onboarding_mission_pack,control,2026-01-29,0,0,0.00
p_000394,xp_onboarding_mission_pack,mission_pack,2026-02-08,0,0,0.00
p_000395,xp_onboarding_mission_pack,control,2026-02-24,0,0,0.00
p_000396,xp_onboarding_mission_pack,mission_pack,2026-01-24,1,0,0.00
p_000397,xp_onboarding_mission_pack,control,2026-01-26,0,0,0.00
p_000398,xp_onboarding_mission_pack,control,2026-01-15,1,0,0.00
p_000399,xp_onboarding_mission_pack,mission_pack,2026-01-02,0,0,0.00
p_000400,xp_onboarding_mission_pack,control,2026-01-04,0,0,0.00
p_000401,xp_onboarding_mission_pack,mission_pack,2026-02-09,1,0,0.00
p_000402,xp_onboarding_mission_pack,control,2026-02-15,0,0,0.00
p_000403,xp_onboarding_mission_pack,mission_pack,2026-01-25,0,0,0.00
p_000404,xp_onboarding_mission_pack,control,2026-01-13,0,0,0.00
p_000405,xp_onboarding_mission_pack,mission_pack,2026-01-17,0,0,0.00
p_000406,xp_onboarding_mission_pack,mission_pack,2026-01-20,0,0,0.00
p_000407,xp_onboarding_mission_pack,control,2026-02-22,0,0,0.00
p_000408,xp_onboarding_mission_pack,control,2026-02-17,0,0,0.00
p_000409,xp_onboarding_mission_pack,mission_pack,2026-02-06,0,0,0.00
p_000410,xp_onboarding_mission_pack,mission_pack,2026-01-28,0,0,0.00
p_000411,xp_onboarding_mission_pack,control,2026-01-09,0,0,0.00
p_000412,xp_onboarding_mission_pack,mission_pack,2026-01-03,0,0,0.00
p_000413,xp_onboarding_mission_pack,mission_pack,2026-01-31,0,0,0.00
p_000414,xp_onboarding_mission_pack,mission_pack,2026-01-03,0,0,0.00
p_000415,xp_onboarding_mission_pack,control,2026-02-16,1,0,0.00
p_000416,xp_onboarding_mission_pack,control,2026-01-28,1,0,0.00
p_000417,xp_onboarding_mission_pack,mission_pack,2026-01-09,1,0,0.00
p_000418,xp_onboarding_mission_pack,mission_pack,2026-01-01,1,0,0.00
p_000419,xp_onboarding_mission_pack,mission_pack,2026-02-21,0,0,0.00
p_000420,xp_onboarding_mission_pack,control,2026-02-19,1,0,0.00
p_000421,xp_onboarding_mission_pack,control,2026-02-09,0,0,0.00
p_000422,xp_onboarding_mission_pack,control,2026-02-13,0,0,0.00
p_000423,xp_onboarding_mission_pack,control,2026-02-14,1,0,0.00
p_000424,xp_onboarding_mission_pack,mission_pack,2026-01-21,1,0,0.00
p_000425,xp_onboarding_mission_pack,control,2026-02-14,1,0,0.00
p_000426,xp_onboarding_mission_pack,mission_pack,2026-02-23,0,0,0.00
p_000427,xp_onboarding_mission_pack,mission_pack,2026-02-16,0,0,0.00
p_000428,xp_onboarding_mission_pack,mission_pack,2026-02-09,1,0,0.00
p_000429,xp_onboarding_mission_pack,mission_pack,2026-01-03,1,0,0.00
p_000430,xp_onboarding_mission_pack,mission_pack,2026-01-03,0,0,0.00
p_000431,xp_onboarding_mission_pack,control,2026-01-22,1,0,0.00
p_000432,xp_onboarding_mission_pack,mission_pack,2026-02-10,0,0,0.00
p_000433,xp_onboarding_mission_pack,control,2026-02-15,0,0,0.00
p_000434,xp_onboarding_mission_pack,control,2026-01-14,0,0,0.00
p_000435,xp_onboarding_mission_pack,control,2026-01-09,0,0,0.00
p_000436,xp_onboarding_mission_pack,mission_pack,2026-02-07,0,0,0.00
p_000437,xp_onboarding_mission_pack,control,2026-01-17,1,0,0.00
p_000438,xp_onboarding_mission_pack,control,2026-02-16,0,0,0.00
p_000439,xp_onboarding_mission_pack,control,2026-02-06,0,0,0.00
p_000440,xp_onboarding_mission_pack,mission_pack,2026-01-10,0,0,0.00
p_000441,xp_onboarding_mission_pack,control,2026-02-12,1,0,0.00
p_000442,xp_onboarding_mission_pack,mission_pack,2026-02-21,1,0,0.00
p_000443,xp_onboarding_mission_pack,mission_pack,2026-02-09,1,0,0.00
p_000444,xp_onboarding_mission_pack,control,2026-02-20,1,0,0.00
p_000445,xp_onboarding_mission_pack,mission_pack,2026-01-17,0,0,0.00
p_000446,xp_onboarding_mission_pack,mission_pack,2026-01-19,1,1,9.99
p_000447,xp_onboarding_mission_pack,control,2026-01-06,0,0,0.00
p_000448,xp_onboarding_mission_pack,control,2026-01-12,1,0,0.00
p_000449,xp_onboarding_mission_pack,control,2026-01-20,1,0,0.00
p_000450,xp_onboarding_mission_pack,control,2026-02-21,0,0,0.00
p_000451,xp_onboarding_mission_pack,control,2026-01-27,0,0,0.00
p_000452,xp_onboarding_mission_pack,control,2026-01-01,1,0,0.00
p_000453,xp_onboarding_mission_pack,mission_pack,2026-01-30,0,0,0.00
p_000454,xp_onboarding_mission_pack,mission_pack,2026-01-15,0,0,0.00
p_000455,xp_onboarding_mission_pack,mission_pack,2026-02-22,0,0,0.00
p_000456,xp_onboarding_mission_pack,control,2026-01-23,0,0,0.00
p_000457,xp_onboarding_mission_pack,control,2026-01-28,0,0,0.00
p_000458,xp_onboarding_mission_pack,control,2026-02-02,0,0,0.00
p_000459,xp_onboarding_mission_pack,mission_pack,2026-01-26,0,0,0.00
p_000460,xp_onboarding_mission_pack,mission_pack,2026-01-29,0,0,0.00
p_000461,xp_onboarding_mission_pack,control,2026-02-08,0,0,0.00
p_000462,xp_onboarding_mission_pack,control,2026-01-06,0,0,0.00
p_000463,xp_onboarding_mission_pack,mission_pack,2026-01-30,1,0,0.00
p_000464,xp_onboarding_mission_pack,mission_pack,2026-02-16,0,0,0.00
p_000465,xp_onboarding_mission_pack,control,2026-02-16,0,0,0.00
p_000466,xp_onboarding_mission_pack,mission_pack,2026-02-07,1,0,0.00
p_000467,xp_onboarding_mission_pack,control,2026-01-08,1,0,0.00
p_000468,xp_onboarding_mission_pack,mission_pack,2026-01-11,0,0,0.00
p_000469,xp_onboarding_mission_pack,control,2026-01-22,0,0,0.00
p_000470,xp_onboarding_mission_pack,control,2026-01-10,0,0,0.00
p_000471,xp_onboarding_mission_pack,mission_pack,2026-01-02,0,0,0.00
p_000472,xp_onboarding_mission_pack,control,2026-02-05,0,0,0.00
p_000473,xp_onboarding_mission_pack,control,2026-01-29,0,0,0.00
p_000474,xp_onboarding_mission_pack,control,2026-02-01,0,0,0.00
p_000475,xp_onboarding_mission_pack,control,2026-01-16,0,0,0.00
p_000476,xp_onboarding_mission_pack,mission_pack,2026-01-09,0,0,0.00
p_000477,xp_onboarding_mission_pack,mission_pack,2026-01-16,1,0,0.00
p_000478,xp_onboarding_mission_pack,control,2026-02-21,0,0,0.00
p_000479,xp_onboarding_mission_pack,mission_pack,2026-01-25,1,0,0.00
p_000480,xp_onboarding_mission_pack,mission_pack,2026-02-10,0,0,0.00
p_000481,xp_onboarding_mission_pack,control,2026-02-20,0,0,0.00
p_000482,xp_onboarding_mission_pack,control,2026-01-23,0,0,0.00
p_000483,xp_onboarding_mission_pack,mission_pack,2026-01-22,0,0,0.00
p_000484,xp_onboarding_mission_pack,mission_pack,2026-01-04,0,0,0.00
p_000485,xp_onboarding_mission_pack,mission_pack,2026-01-19,1,0,0.00
p_000486,xp_onboarding_mission_pack,control,2026-01-31,1,0,0.00
p_000487,xp_onboarding_mission_pack,mission_pack,2026-02-10,0,1,4.99
p_000488,xp_onboarding_mission_pack,control,2026-02-05,1,0,0.00
p_000489,xp_onboarding_mission_pack,mission_pack,2026-01-29,1,0,0.00
p_000490,xp_onboarding_mission_pack,control,2026-01-15,0,0,0.00
p_000491,xp_onboarding_mission_pack,mission_pack,2026-02-16,0,0,0.00
p_000492,xp_onboarding_mission_pack,mission_pack,2026-02-13,1,0,0.00
p_000493,xp_onboarding_mission_pack,control,2026-01-19,1,0,0.00
p_000494,xp_onboarding_mission_pack,mission_pack,2026-01-23,0,0,0.00
p_000495,xp_onboarding_mission_pack,control,2026-02-21,1,0,0.00
p_000496,xp_onboarding_mission_pack,control,2026-02-08,0,0,0.00
p_000497,xp_onboarding_mission_pack,mission_pack,2026-01-06,1,0,0.00
p_000498,xp_onboarding_mission_pack,mission_pack,2026-02-09,1,0,0.00
p_000499,xp_onboarding_mission_pack,control,2026-01-21,0,0,0.00
p_000500,xp_onboarding_mission_pack,mission_pack,2026-01-21,1,0,0.00
p_000501,xp_onboarding_mission_pack,control,2026-01-27,0,0,0.00
p_000502,xp_onboarding_mission_pack,mission_pack,2026-02-12,1,0,0.00
p_000503,xp_onboarding_mission_pack,control,2026-02-18,0,0,0.00
p_000504,xp_onboarding_mission_pack,mission_pack,2026-02-08,0,0,0.00
p_000505,xp_onboarding_mission_pack,control,2026-02-05,0,0,0.00
p_000506,xp_onboarding_mission_pack,control,2026-02-20,0,0,0.00
p_000507,xp_onboarding_mission_pack,control,2026-01-03,0,0,0.00
p_000508,xp_onboarding_mission_pack,mission_pack,2026-02-07,1,0,0.00
p_000509,xp_onboarding_mission_pack,mission_pack,2026-02-11,1,0,0.00
p_000510,xp_onboarding_mission_pack,mission_pack,2026-01-07,0,0,0.00
p_000511,xp_onboarding_mission_pack,control,2026-01-03,1,0,0.00
p_000512,xp_onboarding_mission_pack,control,2026-02-06,0,0,0.00
p_000513,xp_onboarding_mission_pack,mission_pack,2026-01-22,0,0,0.00
p_000514,xp_onboarding_mission_pack,control,2026-01-12,0,0,0.00
p_000515,xp_onboarding_mission_pack,mission_pack,2026-01-31,1,0,0.00
p_000516,xp_onboarding_mission_pack,control,2026-02-23,0,0,0.00
p_000517,xp_onboarding_mission_pack,control,2026-01-24,1,0,0.00
p_000518,xp_onboarding_mission_pack,control,2026-01-15,1,0,0.00
p_000519,xp_onboarding_mission_pack,control,2026-01-22,0,0,0.00
p_000520,xp_onboarding_mission_pack,control,2026-01-27,1,0,0.00
p_000521,xp_onboarding_mission_pack,control,2026-02-17,0,0,0.00
p_000522,xp_onboarding_mission_pack,control,2026-02-15,0,0,0.00
p_000523,xp_onboarding_mission_pack,control,2026-01-14,0,0,0.00
p_000524,xp_onboarding_mission_pack,mission_pack,2026-02-23,1,0,0.00
p_000525,xp_onboarding_mission_pack,control,2026-01-15,0,0,0.00
p_000526,xp_onboarding_mission_pack,mission_pack,2026-01-10,0,1,14.98
p_000527,xp_onboarding_mission_pack,mission_pack,2026-02-09,0,0,0.00
p_000528,xp_onboarding_mission_pack,control,2026-01-03,0,0,0.00
p_000529,xp_onboarding_mission_pack,control,2026-01-20,1,0,0.00
p_000530,xp_onboarding_mission_pack,control,2026-01-19,1,0,0.00
p_000531,xp_onboarding_mission_pack,control,2026-01-09,1,0,0.00
p_000532,xp_onboarding_mission_pack,mission_pack,2026-02-12,1,0,0.00
p_000533,xp_onboarding_mission_pack,control,2026-01-24,1,1,19.99
p_000534,xp_onboarding_mission_pack,control,2026-02-01,0,0,0.00
p_000535,xp_onboarding_mission_pack,mission_pack,2026-01-08,0,1,24.98
p_000536,xp_onboarding_mission_pack,control,2026-02-17,1,0,0.00
p_000537,xp_onboarding_mission_pack,mission_pack,2026-02-23,0,0,0.00
p_000538,xp_onboarding_mission_pack,mission_pack,2026-01-03,1,0,0.00
p_000539,xp_onboarding_mission_pack,control,2026-02-22,0,0,0.00
p_000540,xp_onboarding_mission_pack,control,2026-02-14,0,0,0.00
p_000541,xp_onboarding_mission_pack,control,2026-02-04,0,0,0.00
p_000542,xp_onboarding_mission_pack,mission_pack,2026-02-14,0,0,0.00
p_000543,xp_onboarding_mission_pack,mission_pack,2026-01-28,1,0,0.00
p_000544,xp_onboarding_mission_pack,mission_pack,2026-02-22,0,0,0.00
p_000545,xp_onboarding_mission_pack,control,2026-02-09,0,0,0.00
p_000546,xp_onboarding_mission_pack,mission_pack,2026-02-07,0,0,0.00
p_000547,xp_onboarding_mission_pack,mission_pack,2026-02-05,1,0,0.00
p_000548,xp_onboarding_mission_pack,control,2026-01-05,1,0,0.00
p_000549,xp_onboarding_mission_pack,mission_pack,2026-02-01,0,0,0.00
p_000550,xp_onboarding_mission_pack,control,2026-01-26,0,0,0.00
p_000551,xp_onboarding_mission_pack,mission_pack,2026-01-22,1,0,0.00
p_000552,xp_onboarding_mission_pack,control,2026-01-12,0,0,0.00
p_000553,xp_onboarding_mission_pack,control,2026-01-31,1,0,0.00
p_000554,xp_onboarding_mission_pack,control,2026-02-15,1,0,0.00
p_000555,xp_onboarding_mission_pack,mission_pack,2026-02-16,0,0,0.00
p_000556,xp_onboarding_mission_pack,control,2026-02-12,0,0,0.00
p_000557,xp_onboarding_mission_pack,mission_pack,2026-01-29,0,0,0.00
p_000558,xp_onboarding_mission_pack,control,2026-01-27,0,0,0.00
p_000559,xp_onboarding_mission_pack,control,2026-02-23,1,0,0.00
p_000560,xp_onboarding_mission_pack,mission_pack,2026-01-02,1,0,0.00
p_000561,xp_onboarding_mission_pack,control,2026-02-15,0,0,0.00
p_000562,xp_onboarding_mission_pack,mission_pack,2026-01-27,0,0,0.00
p_000563,xp_onboarding_mission_pack,control,2026-01-21,0,0,0.00
p_000564,xp_onboarding_mission_pack,mission_pack,2026-01-17,0,0,0.00
p_000565,xp_onboarding_mission_pack,control,2026-02-20,1,0,0.00
p_000566,xp_onboarding_mission_pack,mission_pack,2026-01-25,0,0,0.00
p_000567,xp_onboarding_mission_pack,mission_pack,2026-02-18,1,0,0.00
p_000568,xp_onboarding_mission_pack,control,2026-02-09,0,0,0.00
p_000569,xp_onboarding_mission_pack,mission_pack,2026-01-18,0,0,0.00
p_000570,xp_onboarding_mission_pack,control,2026-01-27,1,0,0.00
p_000571,xp_onboarding_mission_pack,mission_pack,2026-01-19,1,0,0.00
p_000572,xp_onboarding_mission_pack,mission_pack,2026-02-18,0,0,0.00
p_000573,xp_onboarding_mission_pack,control,2026-02-11,0,0,0.00
p_000574,xp_onboarding_mission_pack,mission_pack,2026-01-07,0,0,0.00
p_000575,xp_onboarding_mission_pack,control,2026-02-12,1,0,0.00
p_000576,xp_onboarding_mission_pack,control,2026-02-19,0,0,0.00
p_000577,xp_onboarding_mission_pack,mission_pack,2026-01-10,0,0,0.00
p_000578,xp_onboarding_mission_pack,control,2026-01-20,0,0,0.00
p_000579,xp_onboarding_mission_pack,control,2026-02-05,0,0,0.00
p_000580,xp_onboarding_mission_pack,control,2026-01-02,1,0,0.00
p_000581,xp_onboarding_mission_pack,mission_pack,2026-01-02,0,0,0.00
p_000582,xp_onboarding_mission_pack,mission_pack,2026-01-28,1,0,0.00
p_000583,xp_onboarding_mission_pack,control,2026-01-17,1,0,0.00
p_000584,xp_onboarding_mission_pack,mission_pack,2026-01-26,0,0,0.00
p_000585,xp_onboarding_mission_pack,mission_pack,2026-02-23,0,0,0.00
p_000586,xp_onboarding_mission_pack,control,2026-01-20,0,0,0.00
p_000587,xp_onboarding_mission_pack,control,2026-01-19,0,0,0.00
p_000588,xp_onboarding_mission_pack,mission_pack,2026-01-07,0,0,0.00
p_000589,xp_onboarding_mission_pack,mission_pack,2026-02-01,0,0,0.00
p_000590,xp_onboarding_mission_pack,mission_pack,2026-02-20,0,0,0.00
p_000591,xp_onboarding_mission_pack,control,2026-02-16,0,0,0.00
p_000592,xp_onboarding_mission_pack,mission_pack,2026-02-02,1,0,0.00
p_000593,xp_onboarding_mission_pack,control,2026-01-20,1,0,0.00
p_000594,xp_onboarding_mission_pack,mission_pack,2026-01-12,1,0,0.00
p_000595,xp_onboarding_mission_pack,control,2026-01-01,0,0,0.00
p_000596,xp_onboarding_mission_pack,mission_pack,2026-02-01,0,0,0.00
p_000597,xp_onboarding_mission_pack,mission_pack,2026-02-09,1,0,0.00
p_000598,xp_onboarding_mission_pack,control,2026-02-01,1,0,0.00
p_000599,xp_onboarding_mission_pack,mission_pack,2026-02-16,1,0,0.00
p_000600,xp_onboarding_mission_pack,mission_pack,2026-01-13,0,1,4.99
p_000601,xp_onboarding_mission_pack,control,2026-02-13,1,0,0.00
p_000602,xp_onboarding_mission_pack,control,2026-01-24,0,0,0.00
p_000603,xp_onboarding_mission_pack,mission_pack,2026-02-23,0,0,0.00
p_000604,xp_onboarding_mission_pack,mission_pack,2026-01-04,1,0,0.00
p_000605,xp_onboarding_mission_pack,mission_pack,2026-01-22,1,0,0.00
p_000606,xp_onboarding_mission_pack,control,2026-01-20,0,0,0.00
p_000607,xp_onboarding_mission_pack,mission_pack,2026-02-06,1,0,0.00
p_000608,xp_onboarding_mission_pack,control,2026-02-12,1,0,0.00
p_000609,xp_onboarding_mission_pack,control,2026-01-01,1,0,0.00
p_000610,xp_onboarding_mission_pack,control,2026-01-26,0,0,0.00
p_000611,xp_onboarding_mission_pack,mission_pack,2026-02-07,0,0,0.00
p_000612,xp_onboarding_mission_pack,mission_pack,2026-01-05,0,0,0.00
p_000613,xp_onboarding_mission_pack,control,2026-02-01,1,0,0.00
p_000614,xp_onboarding_mission_pack,mission_pack,2026-02-13,0,0,0.00
p_000615,xp_onboarding_mission_pack,control,2026-02-11,0,0,0.00
p_000616,xp_onboarding_mission_pack,mission_pack,2026-01-16,1,0,0.00
p_000617,xp_onboarding_mission_pack,mission_pack,2026-01-13,0,0,0.00
p_000618,xp_onboarding_mission_pack,mission_pack,2026-02-18,1,0,0.00
p_000619,xp_onboarding_mission_pack,control,2026-01-02,1,0,0.00
p_000620,xp_onboarding_mission_pack,mission_pack,2026-01-29,1,1,4.99
p_000621,xp_onboarding_mission_pack,control,2026-01-01,1,0,0.00
p_000622,xp_onboarding_mission_pack,control,2026-02-03,1,1,4.99
p_000623,xp_onboarding_mission_pack,control,2026-01-04,1,0,0.00
p_000624,xp_onboarding_mission_pack,control,2026-02-14,1,0,0.00
p_000625,xp_onboarding_mission_pack,mission_pack,2026-02-12,0,0,0.00
p_000626,xp_onboarding_mission_pack,control,2026-01-23,0,0,0.00
p_000627,xp_onboarding_mission_pack,mission_pack,2026-01-17,0,0,0.00
p_000628,xp_onboarding_mission_pack,mission_pack,2026-02-14,0,0,0.00
p_000629,xp_onboarding_mission_pack,mission_pack,2026-01-29,0,0,0.00
p_000630,xp_onboarding_mission_pack,mission_pack,2026-02-23,0,0,0.00
p_000631,xp_onboarding_mission_pack,control,2026-02-03,0,0,0.00
p_000632,xp_onboarding_mission_pack,control,2026-01-24,1,0,0.00
p_000633,xp_onboarding_mission_pack,control,2026-01-18,1,0,0.00
p_000634,xp_onboarding_mission_pack,mission_pack,2026-01-23,0,0,0.00
p_000635,xp_onboarding_mission_pack,mission_pack,2026-01-27,0,0,0.00
p_000636,xp_onboarding_mission_pack,control,2026-02-23,0,0,0.00
p_000637,xp_onboarding_mission_pack,control,2026-01-26,0,0,0.00
p_000638,xp_onboarding_mission_pack,control,2026-01-12,0,0,0.00
p_000639,xp_onboarding_mission_pack,mission_pack,2026-01-27,1,0,0.00
p_000640,xp_onboarding_mission_pack,mission_pack,2026-01-30,0,0,0.00
p_000641,xp_onboarding_mission_pack,mission_pack,2026-02-04,0,0,0.00
p_000642,xp_onboarding_mission_pack,control,2026-02-20,0,0,0.00
p_000643,xp_onboarding_mission_pack,control,2026-02-05,0,0,0.00
p_000644,xp_onboarding_mission_pack,control,2026-02-23,1,0,0.00
p_000645,xp_onboarding_mission_pack,control,2026-01-24,0,0,0.00
p_000646,xp_onboarding_mission_pack,control,2026-02-08,1,0,0.00
p_000647,xp_onboarding_mission_pack,mission_pack,2026-01-28,0,0,0.00
p_000648,xp_onboarding_mission_pack,control,2026-01-04,0,0,0.00
p_000649,xp_onboarding_mission_pack,control,2026-01-23,0,0,0.00
p_000650,xp_onboarding_mission_pack,mission_pack,2026-02-03,0,0,0.00
p_000651,xp_onboarding_mission_pack,control,2026-01-11,0,0,0.00
p_000652,xp_onboarding_mission_pack,control,2026-02-16,1,0,0.00
p_000653,xp_onboarding_mission_pack,mission_pack,2026-02-09,1,0,0.00
p_000654,xp_onboarding_mission_pack,control,2026-01-07,0,0,0.00
p_000655,xp_onboarding_mission_pack,control,2026-02-18,0,0,0.00
p_000656,xp_onboarding_mission_pack,mission_pack,2026-02-04,0,0,0.00
p_000657,xp_onboarding_mission_pack,mission_pack,2026-01-13,1,0,0.00
p_000658,xp_onboarding_mission_pack,mission_pack,2026-02-14,1,0,0.00
p_000659,xp_onboarding_mission_pack,control,2026-01-28,0,0,0.00
p_000660,xp_onboarding_mission_pack,control,2026-01-03,0,0,0.00
p_000661,xp_onboarding_mission_pack,mission_pack,2026-01-23,0,0,0.00
p_000662,xp_onboarding_mission_pack,control,2026-02-14,0,0,0.00
p_000663,xp_onboarding_mission_pack,mission_pack,2026-01-14,0,0,0.00
p_000664,xp_onboarding_mission_pack,mission_pack,2026-01-01,0,0,0.00
p_000665,xp_onboarding_mission_pack,mission_pack,2026-02-14,0,0,0.00
p_000666,xp_onboarding_mission_pack,mission_pack,2026-02-14,0,0,0.00
p_000667,xp_onboarding_mission_pack,control,2026-02-02,0,0,0.00
p_000668,xp_onboarding_mission_pack,mission_pack,2026-01-01,0,0,0.00
p_000669,xp_onboarding_mission_pack,mission_pack,2026-02-09,0,0,0.00
p_000670,xp_onboarding_mission_pack,control,2026-01-04,0,0,0.00
p_000671,xp_onboarding_mission_pack,mission_pack,2026-01-17,1,0,0.00
p_000672,xp_onboarding_mission_pack,mission_pack,2026-01-10,1,0,0.00
p_000673,xp_onboarding_mission_pack,control,2026-01-20,0,0,0.00
p_000674,xp_onboarding_mission_pack,mission_pack,2026-02-18,0,0,0.00
p_000675,xp_onboarding_mission_pack,control,2026-02-14,1,0,0.00
p_000676,xp_onboarding_mission_pack,control,2026-02-09,1,0,0.00
p_000677,xp_onboarding_mission_pack,mission_pack,2026-01-01,1,0,0.00
p_000678,xp_onboarding_mission_pack,control,2026-01-24,0,0,0.00
p_000679,xp_onboarding_mission_pack,mission_pack,2026-01-17,1,0,0.00
p_000680,xp_onboarding_mission_pack,mission_pack,2026-02-14,1,0,0.00
p_000681,xp_onboarding_mission_pack,mission_pack,2026-01-06,1,0,0.00
p_000682,xp_onboarding_mission_pack,mission_pack,2026-02-21,1,0,0.00
p_000683,xp_onboarding_mission_pack,control,2026-01-16,0,0,0.00
p_000684,xp_onboarding_mission_pack,control,2026-01-27,1,0,0.00
p_000685,xp_onboarding_mission_pack,mission_pack,2026-02-10,1,0,0.00
p_000686,xp_onboarding_mission_pack,control,2026-01-22,0,0,0.00
p_000687,xp_onboarding_mission_pack,mission_pack,2026-01-16,0,0,0.00
p_000688,xp_onboarding_mission_pack,control,2026-01-16,1,1,9.99
p_000689,xp_onboarding_mission_pack,control,2026-01-23,0,0,0.00
p_000690,xp_onboarding_mission_pack,control,2026-02-22,0,0,0.00
p_000691,xp_onboarding_mission_pack,control,2026-01-27,0,1,4.99
p_000692,xp_onboarding_mission_pack,control,2026-01-18,0,0,0.00
p_000693,xp_onboarding_mission_pack,control,2026-01-14,1,0,0.00
p_000694,xp_onboarding_mission_pack,control,2026-01-24,0,0,0.00
p_000695,xp_onboarding_mission_pack,mission_pack,2026-01-22,0,0,0.00
p_000696,xp_onboarding_mission_pack,mission_pack,2026-02-13,0,0,0.00
p_000697,xp_onboarding_mission_pack,mission_pack,2026-01-06,0,0,0.00
p_000698,xp_onboarding_mission_pack,control,2026-02-10,0,0,0.00
p_000699,xp_onboarding_mission_pack,control,2026-01-28,1,0,0.00
p_000700,xp_onboarding_mission_pack,mission_pack,2026-01-19,0,0,0.00
p_000701,xp_onboarding_mission_pack,control,2026-01-26,0,0,0.00
p_000702,xp_onboarding_mission_pack,control,2026-02-07,0,0,0.00
p_000703,xp_onboarding_mission_pack,mission_pack,2026-01-05,1,0,0.00
p_000704,xp_onboarding_mission_pack,control,2026-01-16,0,0,0.00
p_000705,xp_onboarding_mission_pack,control,2026-02-14,1,0,0.00
p_000706,xp_onboarding_mission_pack,mission_pack,2026-01-05,1,0,0.00
p_000707,xp_onboarding_mission_pack,control,2026-01-05,0,0,0.00
p_000708,xp_onboarding_mission_pack,mission_pack,2026-02-13,0,0,0.00
p_000709,xp_onboarding_mission_pack,mission_pack,2026-02-15,1,0,0.00
p_000710,xp_onboarding_mission_pack,control,2026-01-08,1,0,0.00
p_000711,xp_onboarding_mission_pack,control,2026-02-05,0,0,0.00
p_000712,xp_onboarding_mission_pack,control,2026-02-11,1,1,4.99
p_000713,xp_onboarding_mission_pack,mission_pack,2026-01-24,0,0,0.00
p_000714,xp_onboarding_mission_pack,control,2026-01-16,0,0,0.00
p_000715,xp_onboarding_mission_pack,control,2026-02-24,0,0,0.00
p_000716,xp_onboarding_mission_pack,control,2026-02-22,0,0,0.00
p_000717,xp_onboarding_mission_pack,control,2026-02-03,0,0,0.00
p_000718,xp_onboarding_mission_pack,mission_pack,2026-02-10,0,1,9.99
p_000719,xp_onboarding_mission_pack,mission_pack,2026-02-16,0,0,0.00
p_000720,xp_onboarding_mission_pack,control,2026-01-28,1,0,0.00
p_000721,xp_onboarding_mission_pack,control,2026-02-13,0,0,0.00
p_000722,xp_onboarding_mission_pack,mission_pack,2026-01-14,0,0,0.00
p_000723,xp_onboarding_mission_pack,control,2026-01-25,1,0,0.00
p_000724,xp_onboarding_mission_pack,control,2026-01-30,1,0,0.00
p_000725,xp_onboarding_mission_pack,mission_pack,2026-01-11,1,0,0.00
p_000726,xp_onboarding_mission_pack,control,2026-02-09,0,0,0.00
p_000727,xp_onboarding_mission_pack,control,2026-02-10,0,0,0.00
p_000728,xp_onboarding_mission_pack,control,2026-02-18,0,0,0.00
p_000729,xp_onboarding_mission_pack,mission_pack,2026-02-02,1,0,0.00
p_000730,xp_onboarding_mission_pack,control,2026-02-15,0,0,0.00
p_000731,xp_onboarding_mission_pack,mission_pack,2026-02-11,1,0,0.00
p_000732,xp_onboarding_mission_pack,mission_pack,2026-01-23,0,0,0.00
p_000733,xp_onboarding_mission_pack,mission_pack,2026-01-28,0,0,0.00
p_000734,xp_onboarding_mission_pack,control,2026-01-31,0,0,0.00
p_000735,xp_onboarding_mission_pack,control,2026-01-22,0,0,0.00
p_000736,xp_onboarding_mission_pack,control,2026-01-21,1,0,0.00
p_000737,xp_onboarding_mission_pack,control,2026-01-06,0,0,0.00
p_000738,xp_onboarding_mission_pack,mission_pack,2026-01-27,0,0,0.00
p_000739,xp_onboarding_mission_pack,mission_pack,2026-02-18,0,0,0.00
p_000740,xp_onboarding_mission_pack,mission_pack,2026-01-27,0,0,0.00
p_000741,xp_onboarding_mission_pack,control,2026-01-06,0,0,0.00
p_000742,xp_onboarding_mission_pack,control,2026-01-03,1,0,0.00
p_000743,xp_onboarding_mission_pack,mission_pack,2026-01-21,0,0,0.00
p_000744,xp_onboarding_mission_pack,mission_pack,2026-01-14,1,0,0.00
p_000745,xp_onboarding_mission_pack,mission_pack,2026-01-20,0,0,0.00
p_000746,xp_onboarding_mission_pack,control,2026-01-06,1,0,0.00
p_000747,xp_onboarding_mission_pack,mission_pack,2026-02-24,1,0,0.00
p_000748,xp_onboarding_mission_pack,control,2026-01-21,0,0,0.00
p_000749,xp_onboarding_mission_pack,mission_pack,2026-02-10,1,0,0.00
p_000750,xp_onboarding_mission_pack,mission_pack,2026-02-06,0,0,0.00
p_000751,xp_onboarding_mission_pack,control,2026-01-08,0,0,0.00
p_000752,xp_onboarding_mission_pack,mission_pack,2026-02-04,0,0,0.00
p_000753,xp_onboarding_mission_pack,mission_pack,2026-01-30,1,0,0.00
p_000754,xp_onboarding_mission_pack,mission_pack,2026-02-08,0,0,0.00
p_000755,xp_onboarding_mission_pack,mission_pack,2026-02-04,0,0,0.00
p_000756,xp_onboarding_mission_pack,mission_pack,2026-02-10,0,0,0.00
p_000757,xp_onboarding_mission_pack,control,2026-01-08,0,0,0.00
p_000758,xp_onboarding_mission_pack,mission_pack,2026-02-21,0,0,0.00
p_000759,xp_onboarding_mission_pack,control,2026-01-13,0,0,0.00
p_000760,xp_onboarding_mission_pack,mission_pack,2026-01-01,0,0,0.00
p_000761,xp_onboarding_mission_pack,control,2026-02-14,0,0,0.00
p_000762,xp_onboarding_mission_pack,mission_pack,2026-02-06,0,0,0.00
p_000763,xp_onboarding_mission_pack,mission_pack,2026-01-27,0,0,0.00
p_000764,xp_onboarding_mission_pack,control,2026-02-07,1,0,0.00
p_000765,xp_onboarding_mission_pack,control,2026-01-24,1,0,0.00
p_000766,xp_onboarding_mission_pack,control,2026-02-20,0,0,0.00
p_000767,xp_onboarding_mission_pack,control,2026-01-09,0,0,0.00
p_000768,xp_onboarding_mission_pack,control,2026-02-03,0,0,0.00
p_000769,xp_onboarding_mission_pack,mission_pack,2026-02-06,0,0,0.00
p_000770,xp_onboarding_mission_pack,mission_pack,2026-01-21,0,0,0.00
p_000771,xp_onboarding_mission_pack,control,2026-01-08,0,0,0.00
p_000772,xp_onboarding_mission_pack,control,2026-01-06,0,0,0.00
p_000773,xp_onboarding_mission_pack,control,2026-01-11,0,0,0.00
p_000774,xp_onboarding_mission_pack,mission_pack,2026-02-19,0,1,9.99
p_000775,xp_onboarding_mission_pack,mission_pack,2026-02-21,0,0,0.00
p_000776,xp_onboarding_mission_pack,control,2026-01-20,0,0,0.00
p_000777,xp_onboarding_mission_pack,mission_pack,2026-01-26,0,0,0.00
p_000778,xp_onboarding_mission_pack,control,2026-02-02,0,0,0.00
p_000779,xp_onboarding_mission_pack,mission_pack,2026-01-14,1,0,0.00
p_000780,xp_onboarding_mission_pack,mission_pack,2026-01-10,1,0,0.00
p_000781,xp_onboarding_mission_pack,control,2026-01-12,1,0,0.00
p_000782,xp_onboarding_mission_pack,mission_pack,2026-01-15,0,0,0.00
p_000783,xp_onboarding_mission_pack,control,2026-01-18,0,0,0.00
p_000784,xp_onboarding_mission_pack,control,2026-02-05,0,0,0.00
p_000785,xp_onboarding_mission_pack,control,2026-01-16,0,0,0.00
p_000786,xp_onboarding_mission_pack,mission_pack,2026-01-10,0,0,0.00
p_000787,xp_onboarding_mission_pack,control,2026-01-26,1,1,4.99
p_000788,xp_onboarding_mission_pack,mission_pack,2026-01-28,0,0,0.00
p_000789,xp_onboarding_mission_pack,control,2026-01-18,0,0,0.00
p_000790,xp_onboarding_mission_pack,control,2026-02-23,1,0,0.00
p_000791,xp_onboarding_mission_pack,mission_pack,2026-02-10,0,0,0.00
p_000792,xp_onboarding_mission_pack,mission_pack,2026-02-21,1,0,0.00
p_000793,xp_onboarding_mission_pack,mission_pack,2026-01-06,0,0,0.00
p_000794,xp_onboarding_mission_pack,control,2026-01-24,1,0,0.00
p_000795,xp_onboarding_mission_pack,control,2026-01-20,0,0,0.00
p_000796,xp_onboarding_mission_pack,control,2026-02-21,1,0,0.00
p_000797,xp_onboarding_mission_pack,mission_pack,2026-01-23,1,0,0.00
p_000798,xp_onboarding_mission_pack,control,2026-01-23,0,0,0.00
p_000799,xp_onboarding_mission_pack,control,2026-01-26,1,0,0.00
p_000800,xp_onboarding_mission_pack,control,2026-02-10,0,0,0.00
p_000801,xp_onboarding_mission_pack,control,2026-02-12,1,0,0.00
p_000802,xp_onboarding_mission_pack,control,2026-01-11,1,0,0.00
p_000803,xp_onboarding_mission_pack,control,2026-01-07,1,0,0.00
p_000804,xp_onboarding_mission_pack,control,2026-01-12,0,0,0.00
p_000805,xp_onboarding_mission_pack,mission_pack,2026-02-14,0,0,0.00
p_000806,xp_onboarding_mission_pack,control,2026-01-03,0,0,0.00
p_000807,xp_onboarding_mission_pack,mission_pack,2026-02-09,0,0,0.00
p_000808,xp_onboarding_mission_pack,mission_pack,2026-01-15,1,0,0.00
p_000809,xp_onboarding_mission_pack,control,2026-02-05,0,0,0.00
p_000810,xp_onboarding_mission_pack,control,2026-02-08,1,0,0.00
p_000811,xp_onboarding_mission_pack,control,2026-01-20,0,0,0.00
p_000812,xp_onboarding_mission_pack,control,2026-02-06,0,0,0.00
p_000813,xp_onboarding_mission_pack,mission_pack,2026-02-24,0,0,0.00
p_000814,xp_onboarding_mission_pack,mission_pack,2026-01-14,1,0,0.00
p_000815,xp_onboarding_mission_pack,control,2026-02-14,0,0,0.00
p_000816,xp_onboarding_mission_pack,mission_pack,2026-01-02,0,0,0.00
p_000817,xp_onboarding_mission_pack,control,2026-02-14,0,0,0.00
p_000818,xp_onboarding_mission_pack,mission_pack,2026-01-27,0,0,0.00
p_000819,xp_onboarding_mission_pack,mission_pack,2026-01-21,0,0,0.00
p_000820,xp_onboarding_mission_pack,mission_pack,2026-02-20,0,0,0.00
p_000821,xp_onboarding_mission_pack,control,2026-01-25,1,0,0.00
p_000822,xp_onboarding_mission_pack,mission_pack,2026-01-09,0,0,0.00
p_000823,xp_onboarding_mission_pack,control,2026-02-05,0,0,0.00
p_000824,xp_onboarding_mission_pack,mission_pack,2026-02-03,0,0,0.00
p_000825,xp_onboarding_mission_pack,mission_pack,2026-01-24,0,0,0.00
p_000826,xp_onboarding_mission_pack,control,2026-01-06,0,0,0.00
p_000827,xp_onboarding_mission_pack,mission_pack,2026-01-01,0,0,0.00
p_000828,xp_onboarding_mission_pack,control,2026-01-06,1,0,0.00
p_000829,xp_onboarding_mission_pack,mission_pack,2026-01-17,0,0,0.00
p_000830,xp_onboarding_mission_pack,mission_pack,2026-01-13,0,0,0.00
p_000831,xp_onboarding_mission_pack,control,2026-01-16,0,0,0.00
p_000832,xp_onboarding_mission_pack,mission_pack,2026-01-07,1,0,0.00
p_000833,xp_onboarding_mission_pack,mission_pack,2026-01-16,0,0,0.00
p_000834,xp_onboarding_mission_pack,control,2026-01-19,1,0,0.00
p_000835,xp_onboarding_mission_pack,control,2026-01-27,1,0,0.00
p_000836,xp_onboarding_mission_pack,control,2026-02-15,1,0,0.00
p_000837,xp_onboarding_mission_pack,control,2026-01-18,0,0,0.00
p_000838,xp_onboarding_mission_pack,mission_pack,2026-01-29,1,0,0.00
p_000839,xp_onboarding_mission_pack,mission_pack,2026-01-08,0,0,0.00
p_000840,xp_onboarding_mission_pack,control,2026-01-04,0,0,0.00
p_000841,xp_onboarding_mission_pack,mission_pack,2026-01-28,0,0,0.00
p_000842,xp_onboarding_mission_pack,control,2026-01-03,0,0,0.00
p_000843,xp_onboarding_mission_pack,control,2026-01-25,0,0,0.00
p_000844,xp_onboarding_mission_pack,control,2026-01-06,0,0,0.00
p_000845,xp_onboarding_mission_pack,mission_pack,2026-01-31,0,0,0.00
p_000846,xp_onboarding_mission_pack,mission_pack,2026-02-13,1,0,0.00
p_000847,xp_onboarding_mission_pack,control,2026-01-08,1,0,0.00
p_000848,xp_onboarding_mission_pack,mission_pack,2026-02-02,0,0,0.00
p_000849,xp_onboarding_mission_pack,mission_pack,2026-02-24,1,0,0.00
p_000850,xp_onboarding_mission_pack,mission_pack,2026-01-30,0,0,0.00
p_000851,xp_onboarding_mission_pack,mission_pack,2026-01-12,0,0,0.00
p_000852,xp_onboarding_mission_pack,mission_pack,2026-01-13,0,0,0.00
p_000853,xp_onboarding_mission_pack,control,2026-02-03,0,0,0.00
p_000854,xp_onboarding_mission_pack,mission_pack,2026-01-17,0,0,0.00
p_000855,xp_onboarding_mission_pack,mission_pack,2026-01-13,1,0,0.00
p_000856,xp_onboarding_mission_pack,mission_pack,2026-01-10,0,0,0.00
p_000857,xp_onboarding_mission_pack,control,2026-02-03,0,0,0.00
p_000858,xp_onboarding_mission_pack,mission_pack,2026-01-25,0,0,0.00
p_000859,xp_onboarding_mission_pack,mission_pack,2026-01-17,0,0,0.00
p_000860,xp_onboarding_mission_pack,control,2026-01-09,0,0,0.00
p_000861,xp_onboarding_mission_pack,mission_pack,2026-02-11,0,0,0.00
p_000862,xp_onboarding_mission_pack,mission_pack,2026-01-24,0,0,0.00
p_000863,xp_onboarding_mission_pack,mission_pack,2026-02-17,0,0,0.00
p_000864,xp_onboarding_mission_pack,control,2026-01-15,1,0,0.00
p_000865,xp_onboarding_mission_pack,control,2026-01-30,0,0,0.00
p_000866,xp_onboarding_mission_pack,control,2026-02-17,0,0,0.00
p_000867,xp_onboarding_mission_pack,mission_pack,2026-02-18,1,0,0.00
p_000868,xp_onboarding_mission_pack,mission_pack,2026-02-01,0,0,0.00
p_000869,xp_onboarding_mission_pack,mission_pack,2026-01-17,0,0,0.00
p_000870,xp_onboarding_mission_pack,control,2026-01-22,0,0,0.00
p_000871,xp_onboarding_mission_pack,mission_pack,2026-02-09,0,0,0.00
p_000872,xp_onboarding_mission_pack,mission_pack,2026-02-06,1,0,0.00
p_000873,xp_onboarding_mission_pack,mission_pack,2026-01-02,0,0,0.00
p_000874,xp_onboarding_mission_pack,mission_pack,2026-02-15,0,0,0.00
p_000875,xp_onboarding_mission_pack,mission_pack,2026-01-07,0,0,0.00
p_000876,xp_onboarding_mission_pack,control,2026-01-12,0,0,0.00
p_000877,xp_onboarding_mission_pack,mission_pack,2026-01-28,0,0,0.00
p_000878,xp_onboarding_mission_pack,mission_pack,2026-02-18,1,0,0.00
p_000879,xp_onboarding_mission_pack,control,2026-01-03,1,0,0.00
p_000880,xp_onboarding_mission_pack,mission_pack,2026-01-12,0,0,0.00
p_000881,xp_onboarding_mission_pack,control,2026-01-17,1,0,0.00
p_000882,xp_onboarding_mission_pack,mission_pack,2026-02-11,1,0,0.00
p_000883,xp_onboarding_mission_pack,mission_pack,2026-01-29,0,0,0.00
p_000884,xp_onboarding_mission_pack,mission_pack,2026-01-02,0,0,0.00
p_000885,xp_onboarding_mission_pack,mission_pack,2026-01-26,0,0,0.00
p_000886,xp_onboarding_mission_pack,mission_pack,2026-02-15,1,0,0.00
p_000887,xp_onboarding_mission_pack,control,2026-01-20,1,0,0.00
p_000888,xp_onboarding_mission_pack,control,2026-02-14,1,0,0.00
p_000889,xp_onboarding_mission_pack,mission_pack,2026-01-09,1,0,0.00
p_000890,xp_onboarding_mission_pack,mission_pack,2026-01-18,0,0,0.00
p_000891,xp_onboarding_mission_pack,mission_pack,2026-02-24,1,0,0.00
p_000892,xp_onboarding_mission_pack,mission_pack,2026-02-22,0,0,0.00
p_000893,xp_onboarding_mission_pack,control,2026-01-16,0,0,0.00
p_000894,xp_onboarding_mission_pack,mission_pack,2026-01-17,0,0,0.00
p_000895,xp_onboarding_mission_pack,control,2026-01-20,0,1,4.99
p_000896,xp_onboarding_mission_pack,mission_pack,2026-02-02,0,0,0.00
p_000897,xp_onboarding_mission_pack,mission_pack,2026-02-16,1,0,0.00
p_000898,xp_onboarding_mission_pack,control,2026-01-06,1,0,0.00
p_000899,xp_onboarding_mission_pack,control,2026-01-15,1,0,0.00
p_000900,xp_onboarding_mission_pack,control,2026-01-29,0,0,0.00
p_000901,xp_onboarding_mission_pack,control,2026-01-10,0,0,0.00
p_000902,xp_onboarding_mission_pack,mission_pack,2026-01-06,1,1,9.99
p_000903,xp_onboarding_mission_pack,mission_pack,2026-01-27,1,0,0.00
p_000904,xp_onboarding_mission_pack,mission_pack,2026-01-16,0,0,0.00
p_000905,xp_onboarding_mission_pack,control,2026-01-20,1,0,0.00
p_000906,xp_onboarding_mission_pack,control,2026-01-08,0,0,0.00
p_000907,xp_onboarding_mission_pack,mission_pack,2026-01-13,1,0,0.00
p_000908,xp_onboarding_mission_pack,mission_pack,2026-01-05,1,1,9.99
p_000909,xp_onboarding_mission_pack,mission_pack,2026-01-07,0,0,0.00
p_000910,xp_onboarding_mission_pack,mission_pack,2026-01-01,0,0,0.00
p_000911,xp_onboarding_mission_pack,control,2026-01-10,0,0,0.00
p_000912,xp_onboarding_mission_pack,control,2026-02-03,1,0,0.00
p_000913,xp_onboarding_mission_pack,control,2026-01-15,1,0,0.00
p_000914,xp_onboarding_mission_pack,mission_pack,2026-02-20,1,0,0.00
p_000915,xp_onboarding_mission_pack,control,2026-01-12,0,0,0.00
p_000916,xp_onboarding_mission_pack,mission_pack,2026-01-30,0,0,0.00
p_000917,xp_onboarding_mission_pack,control,2026-01-02,0,0,0.00
p_000918,xp_onboarding_mission_pack,control,2026-02-09,0,0,0.00
p_000919,xp_onboarding_mission_pack,control,2026-01-27,1,0,0.00
p_000920,xp_onboarding_mission_pack,control,2026-02-11,1,0,0.00
p_000921,xp_onboarding_mission_pack,mission_pack,2026-02-24,1,0,0.00
p_000922,xp_onboarding_mission_pack,mission_pack,2026-01-23,1,0,0.00
p_000923,xp_onboarding_mission_pack,mission_pack,2026-01-15,1,0,0.00
p_000924,xp_onboarding_mission_pack,control,2026-01-24,0,0,0.00
p_000925,xp_onboarding_mission_pack,mission_pack,2026-01-07,1,0,0.00
p_000926,xp_onboarding_mission_pack,control,2026-02-19,0,0,0.00
p_000927,xp_onboarding_mission_pack,control,2026-02-03,0,0,0.00
p_000928,xp_onboarding_mission_pack,control,2026-02-13,0,0,0.00
p_000929,xp_onboarding_mission_pack,mission_pack,2026-02-24,0,0,0.00
p_000930,xp_onboarding_mission_pack,mission_pack,2026-02-01,0,0,0.00
p_000931,xp_onboarding_mission_pack,mission_pack,2026-02-18,0,0,0.00
p_000932,xp_onboarding_mission_pack,control,2026-02-20,1,0,0.00
p_000933,xp_onboarding_mission_pack,control,2026-02-01,1,0,0.00
p_000934,xp_onboarding_mission_pack,control,2026-02-23,0,0,0.00
p_000935,xp_onboarding_mission_pack,control,2026-02-20,1,0,0.00
p_000936,xp_onboarding_mission_pack,control,2026-02-09,0,0,0.00
p_000937,xp_onboarding_mission_pack,control,2026-01-08,0,0,0.00
p_000938,xp_onboarding_mission_pack,control,2026-01-19,1,0,0.00
p_000939,xp_onboarding_mission_pack,control,2026-01-04,0,0,0.00
p_000940,xp_onboarding_mission_pack,control,2026-02-09,1,0,0.00
p_000941,xp_onboarding_mission_pack,mission_pack,2026-02-16,0,0,0.00
p_000942,xp_onboarding_mission_pack,control,2026-01-19,0,0,0.00
p_000943,xp_onboarding_mission_pack,mission_pack,2026-02-21,1,0,0.00
p_000944,xp_onboarding_mission_pack,control,2026-02-20,0,0,0.00
p_000945,xp_onboarding_mission_pack,control,2026-01-17,0,0,0.00
p_000946,xp_onboarding_mission_pack,control,2026-02-09,1,0,0.00
p_000947,xp_onboarding_mission_pack,control,2026-01-21,0,0,0.00
p_000948,xp_onboarding_mission_pack,mission_pack,2026-02-13,0,0,0.00
p_000949,xp_onboarding_mission_pack,mission_pack,2026-01-21,0,0,0.00
p_000950,xp_onboarding_mission_pack,control,2026-01-06,0,1,24.98
p_000951,xp_onboarding_mission_pack,mission_pack,2026-02-16,1,0,0.00
p_000952,xp_onboarding_mission_pack,control,2026-02-13,0,0,0.00
p_000953,xp_onboarding_mission_pack,control,2026-01-28,1,0,0.00
p_000954,xp_onboarding_mission_pack,mission_pack,2026-01-28,0,0,0.00
p_000955,xp_onboarding_mission_pack,mission_pack,2026-01-06,0,0,0.00
p_000956,xp_onboarding_mission_pack,control,2026-01-17,1,0,0.00
p_000957,xp_onboarding_mission_pack,control,2026-01-30,0,0,0.00
p_000958,xp_onboarding_mission_pack,mission_pack,2026-01-13,1,1,4.99
p_000959,xp_onboarding_mission_pack,control,2026-01-19,0,0,0.00
p_000960,xp_onboarding_mission_pack,mission_pack,2026-01-30,1,0,0.00
p_000961,xp_onboarding_mission_pack,control,2026-02-22,0,1,9.99
p_000962,xp_onboarding_mission_pack,mission_pack,2026-01-27,0,0,0.00
p_000963,xp_onboarding_mission_pack,mission_pack,2026-01-13,0,0,0.00
p_000964,xp_onboarding_mission_pack,mission_pack,2026-01-31,1,0,0.00
p_000965,xp_onboarding_mission_pack,mission_pack,2026-01-08,0,0,0.00
p_000966,xp_onboarding_mission_pack,control,2026-02-21,0,0,0.00
p_000967,xp_onboarding_mission_pack,mission_pack,2026-02-15,0,0,0.00
p_000968,xp_onboarding_mission_pack,control,2026-01-27,1,0,0.00
p_000969,xp_onboarding_mission_pack,control,2026-02-01,1,0,0.00
p_000970,xp_onboarding_mission_pack,control,2026-02-07,0,0,0.00
p_000971,xp_onboarding_mission_pack,mission_pack,2026-01-29,0,0,0.00
p_000972,xp_onboarding_mission_pack,control,2026-01-10,1,0,0.00
p_000973,xp_onboarding_mission_pack,control,2026-02-03,0,0,0.00
p_000974,xp_onboarding_mission_pack,control,2026-01-13,0,0,0.00
p_000975,xp_onboarding_mission_pack,mission_pack,2026-01-21,1,0,0.00
p_000976,xp_onboarding_mission_pack,mission_pack,2026-01-17,0,0,0.00
p_000977,xp_onboarding_mission_pack,mission_pack,2026-02-12,1,0,0.00
p_000978,xp_onboarding_mission_pack,control,2026-01-23,0,0,0.00
p_000979,xp_onboarding_mission_pack,mission_pack,2026-01-03,1,0,0.00
p_000980,xp_onboarding_mission_pack,mission_pack,2026-02-20,0,0,0.00
p_000981,xp_onboarding_mission_pack,control,2026-02-20,1,0,0.00
p_000982,xp_onboarding_mission_pack,control,2026-01-16,1,0,0.00
p_000983,xp_onboarding_mission_pack,mission_pack,2026-01-26,0,0,0.00
p_000984,xp_onboarding_mission_pack,mission_pack,2026-01-17,1,0,0.00
p_000985,xp_onboarding_mission_pack,control,2026-02-14,0,0,0.00
p_000986,xp_onboarding_mission_pack,mission_pack,2026-01-16,1,0,0.00
p_000987,xp_onboarding_mission_pack,control,2026-01-19,0,0,0.00
p_000988,xp_onboarding_mission_pack,mission_pack,2026-02-02,1,0,0.00
p_000989,xp_onboarding_mission_pack,mission_pack,2026-01-24,0,0,0.00
p_000990,xp_onboarding_mission_pack,mission_pack,2026-01-13,1,0,0.00
p_000991,xp_onboarding_mission_pack,control,2026-01-24,1,0,0.00
p_000992,xp_onboarding_mission_pack,control,2026-02-20,0,0,0.00
p_000993,xp_onboarding_mission_pack,mission_pack,2026-01-07,0,0,0.00
p_000994,xp_onboarding_mission_pack,mission_pack,2026-01-20,1,0,0.00
p_000995,xp_onboarding_mission_pack,control,2026-01-18,1,0,0.00
p_000996,xp_onboarding_mission_pack,mission_pack,2026-01-11,0,0,0.00
p_000997,xp_onboarding_mission_pack,control,2026-02-06,0,0,0.00
p_000998,xp_onboarding_mission_pack,control,2026-02-17,0,0,0.00
p_000999,xp_onboarding_mission_pack,mission_pack,2026-02-14,0,0,0.00
p_001000,xp_onboarding_mission_pack,mission_pack,2026-02-16,0,0,0.00
p_001001,xp_onboarding_mission_pack,control,2026-01-14,0,0,0.00
p_001002,xp_onboarding_mission_pack,mission_pack,2026-02-10,1,0,0.00
p_001003,xp_onboarding_mission_pack,control,2026-01-20,0,0,0.00
p_001004,xp_onboarding_mission_pack,mission_pack,2026-01-03,0,0,0.00
p_001005,xp_onboarding_mission_pack,control,2026-01-21,0,0,0.00
p_001006,xp_onboarding_mission_pack,control,2026-02-12,0,0,0.00
p_001007,xp_onboarding_mission_pack,control,2026-01-04,0,0,0.00
p_001008,xp_onboarding_mission_pack,control,2026-01-25,0,0,0.00
p_001009,xp_onboarding_mission_pack,control,2026-02-19,0,0,0.00
p_001010,xp_onboarding_mission_pack,mission_pack,2026-01-10,0,0,0.00
p_001011,xp_onboarding_mission_pack,control,2026-01-19,0,0,0.00
p_001012,xp_onboarding_mission_pack,control,2026-01-15,0,0,0.00
p_001013,xp_onboarding_mission_pack,control,2026-01-07,1,0,0.00
p_001014,xp_onboarding_mission_pack,mission_pack,2026-01-08,1,0,0.00
p_001015,xp_onboarding_mission_pack,mission_pack,2026-01-29,0,0,0.00
p_001016,xp_onboarding_mission_pack,mission_pack,2026-02-04,1,0,0.00
p_001017,xp_onboarding_mission_pack,mission_pack,2026-01-09,0,0,0.00
p_001018,xp_onboarding_mission_pack,control,2026-02-05,1,0,0.00
p_001019,xp_onboarding_mission_pack,control,2026-01-19,0,0,0.00
p_001020,xp_onboarding_mission_pack,control,2026-01-17,0,0,0.00
p_001021,xp_onboarding_mission_pack,control,2026-02-24,1,0,0.00
p_001022,xp_onboarding_mission_pack,mission_pack,2026-01-17,0,0,0.00
p_001023,xp_onboarding_mission_pack,control,2026-01-12,0,0,0.00
p_001024,xp_onboarding_mission_pack,control,2026-01-24,0,0,0.00
p_001025,xp_onboarding_mission_pack,control,2026-02-13,1,0,0.00
p_001026,xp_onboarding_mission_pack,control,2026-02-17,1,0,0.00
p_001027,xp_onboarding_mission_pack,control,2026-01-25,0,0,0.00
p_001028,xp_onboarding_mission_pack,control,2026-01-14,0,0,0.00
p_001029,xp_onboarding_mission_pack,mission_pack,2026-02-10,0,0,0.00
p_001030,xp_onboarding_mission_pack,mission_pack,2026-02-03,0,0,0.00
p_001031,xp_onboarding_mission_pack,control,2026-02-02,0,0,0.00
p_001032,xp_onboarding_mission_pack,mission_pack,2026-01-20,0,0,0.00
p_001033,xp_onboarding_mission_pack,mission_pack,2026-02-20,1,0,0.00
p_001034,xp_onboarding_mission_pack,control,2026-01-08,1,0,0.00
p_001035,xp_onboarding_mission_pack,mission_pack,2026-02-03,1,1,9.99
p_001036,xp_onboarding_mission_pack,control,2026-02-07,0,0,0.00
p_001037,xp_onboarding_mission_pack,mission_pack,2026-01-18,0,0,0.00
p_001038,xp_onboarding_mission_pack,control,2026-01-08,1,0,0.00
p_001039,xp_onboarding_mission_pack,control,2026-01-18,0,0,0.00
p_001040,xp_onboarding_mission_pack,mission_pack,2026-01-08,1,0,0.00
p_001041,xp_onboarding_mission_pack,mission_pack,2026-01-27,1,0,0.00
p_001042,xp_onboarding_mission_pack,mission_pack,2026-02-04,0,0,0.00
p_001043,xp_onboarding_mission_pack,mission_pack,2026-02-03,0,0,0.00
p_001044,xp_onboarding_mission_pack,control,2026-01-14,0,1,9.98
p_001045,xp_onboarding_mission_pack,mission_pack,2026-01-28,1,0,0.00
p_001046,xp_onboarding_mission_pack,mission_pack,2026-01-03,0,0,0.00
p_001047,xp_onboarding_mission_pack,mission_pack,2026-01-09,0,0,0.00
p_001048,xp_onboarding_mission_pack,control,2026-01-29,1,0,0.00
p_001049,xp_onboarding_mission_pack,mission_pack,2026-01-15,1,0,0.00
p_001050,xp_onboarding_mission_pack,control,2026-02-02,1,0,0.00
p_001051,xp_onboarding_mission_pack,control,2026-01-09,1,0,0.00
p_001052,xp_onboarding_mission_pack,control,2026-01-21,1,0,0.00
p_001053,xp_onboarding_mission_pack,mission_pack,2026-01-07,0,0,0.00
p_001054,xp_onboarding_mission_pack,mission_pack,2026-02-08,1,0,0.00
p_001055,xp_onboarding_mission_pack,control,2026-02-13,0,0,0.00
p_001056,xp_onboarding_mission_pack,control,2026-02-16,0,0,0.00
p_001057,xp_onboarding_mission_pack,mission_pack,2026-01-08,0,0,0.00
p_001058,xp_onboarding_mission_pack,mission_pack,2026-02-19,0,0,0.00
p_001059,xp_onboarding_mission_pack,control,2026-01-16,1,1,14.98
p_001060,xp_onboarding_mission_pack,control,2026-02-02,0,0,0.00
p_001061,xp_onboarding_mission_pack,mission_pack,2026-01-01,0,0,0.00
p_001062,xp_onboarding_mission_pack,control,2026-01-02,0,0,0.00
p_001063,xp_onboarding_mission_pack,control,2026-01-18,0,0,0.00
p_001064,xp_onboarding_mission_pack,control,2026-02-24,0,0,0.00
p_001065,xp_onboarding_mission_pack,mission_pack,2026-01-21,0,0,0.00
p_001066,xp_onboarding_mission_pack,control,2026-01-29,1,0,0.00
p_001067,xp_onboarding_mission_pack,control,2026-01-19,0,0,0.00
p_001068,xp_onboarding_mission_pack,control,2026-01-11,1,0,0.00
p_001069,xp_onboarding_mission_pack,mission_pack,2026-02-14,0,0,0.00
p_001070,xp_onboarding_mission_pack,control,2026-01-27,0,0,0.00
p_001071,xp_onboarding_mission_pack,control,2026-01-20,0,0,0.00
p_001072,xp_onboarding_mission_pack,mission_pack,2026-01-04,0,0,0.00
p_001073,xp_onboarding_mission_pack,mission_pack,2026-02-04,0,0,0.00
p_001074,xp_onboarding_mission_pack,mission_pack,2026-02-21,0,0,0.00
p_001075,xp_onboarding_mission_pack,control,2026-01-10,1,0,0.00
p_001076,xp_onboarding_mission_pack,control,2026-01-06,1,0,0.00
p_001077,xp_onboarding_mission_pack,control,2026-01-14,0,0,0.00
p_001078,xp_onboarding_mission_pack,control,2026-01-25,0,0,0.00
p_001079,xp_onboarding_mission_pack,control,2026-02-07,1,0,0.00
p_001080,xp_onboarding_mission_pack,mission_pack,2026-02-17,0,0,0.00
p_001081,xp_onboarding_mission_pack,mission_pack,2026-01-27,0,0,0.00
p_001082,xp_onboarding_mission_pack,mission_pack,2026-01-06,0,0,0.00
p_001083,xp_onboarding_mission_pack,mission_pack,2026-01-04,1,0,0.00
p_001084,xp_onboarding_mission_pack,mission_pack,2026-01-29,0,0,0.00
p_001085,xp_onboarding_mission_pack,control,2026-02-24,0,0,0.00
p_001086,xp_onboarding_mission_pack,mission_pack,2026-02-01,0,0,0.00
p_001087,xp_onboarding_mission_pack,control,2026-01-27,1,0,0.00
p_001088,xp_onboarding_mission_pack,control,2026-02-15,0,0,0.00
p_001089,xp_onboarding_mission_pack,control,2026-02-10,1,0,0.00
p_001090,xp_onboarding_mission_pack,mission_pack,2026-02-19,1,0,0.00
p_001091,xp_onboarding_mission_pack,control,2026-01-15,0,0,0.00
p_001092,xp_onboarding_mission_pack,mission_pack,2026-01-02,1,0,0.00
p_001093,xp_onboarding_mission_pack,mission_pack,2026-02-12,1,0,0.00
p_001094,xp_onboarding_mission_pack,control,2026-01-28,1,0,0.00
p_001095,xp_onboarding_mission_pack,mission_pack,2026-02-02,0,0,0.00
p_001096,xp_onboarding_mission_pack,mission_pack,2026-02-15,1,0,0.00
p_001097,xp_onboarding_mission_pack,mission_pack,2026-01-01,1,0,0.00
p_001098,xp_onboarding_mission_pack,mission_pack,2026-01-14,0,0,0.00
p_001099,xp_onboarding_mission_pack,control,2026-02-22,1,0,0.00
p_001100,xp_onboarding_mission_pack,control,2026-01-14,0,0,0.00
p_001101,xp_onboarding_mission_pack,control,2026-02-11,0,0,0.00
p_001102,xp_onboarding_mission_pack,mission_pack,2026-01-20,1,0,0.00
p_001103,xp_onboarding_mission_pack,control,2026-01-23,0,0,0.00
p_001104,xp_onboarding_mission_pack,mission_pack,2026-02-07,0,0,0.00
p_001105,xp_onboarding_mission_pack,control,2026-02-18,1,0,0.00
p_001106,xp_onboarding_mission_pack,mission_pack,2026-02-02,0,0,0.00
p_001107,xp_onboarding_mission_pack,control,2026-01-06,1,0,0.00
p_001108,xp_onboarding_mission_pack,mission_pack,2026-01-01,1,0,0.00
p_001109,xp_onboarding_mission_pack,control,2026-01-04,0,0,0.00
p_001110,xp_onboarding_mission_pack,mission_pack,2026-01-08,1,0,0.00
p_001111,xp_onboarding_mission_pack,mission_pack,2026-02-17,0,0,0.00
p_001112,xp_onboarding_mission_pack,control,2026-01-26,0,0,0.00
p_001113,xp_onboarding_mission_pack,mission_pack,2026-01-29,1,0,0.00
p_001114,xp_onboarding_mission_pack,control,2026-01-10,0,0,0.00
p_001115,xp_onboarding_mission_pack,mission_pack,2026-01-30,0,0,0.00
p_001116,xp_onboarding_mission_pack,control,2026-01-01,0,0,0.00
p_001117,xp_onboarding_mission_pack,mission_pack,2026-02-23,0,0,0.00
p_001118,xp_onboarding_mission_pack,mission_pack,2026-02-02,1,0,0.00
p_001119,xp_onboarding_mission_pack,control,2026-01-05,1,0,0.00
p_001120,xp_onboarding_mission_pack,control,2026-01-13,0,0,0.00
p_001121,xp_onboarding_mission_pack,control,2026-02-18,0,0,0.00
p_001122,xp_onboarding_mission_pack,control,2026-02-19,1,0,0.00
p_001123,xp_onboarding_mission_pack,mission_pack,2026-01-06,1,0,0.00
p_001124,xp_onboarding_mission_pack,control,2026-02-10,0,1,49.99
p_001125,xp_onboarding_mission_pack,control,2026-01-09,0,0,0.00
p_001126,xp_onboarding_mission_pack,mission_pack,2026-02-23,1,0,0.00
p_001127,xp_onboarding_mission_pack,mission_pack,2026-01-15,0,0,0.00
p_001128,xp_onboarding_mission_pack,control,2026-02-15,0,0,0.00
p_001129,xp_onboarding_mission_pack,control,2026-02-13,1,0,0.00
p_001130,xp_onboarding_mission_pack,control,2026-01-23,1,0,0.00
p_001131,xp_onboarding_mission_pack,mission_pack,2026-01-06,0,0,0.00
p_001132,xp_onboarding_mission_pack,mission_pack,2026-02-19,0,0,0.00
p_001133,xp_onboarding_mission_pack,control,2026-02-10,1,0,0.00
p_001134,xp_onboarding_mission_pack,mission_pack,2026-02-23,0,1,9.98
p_001135,xp_onboarding_mission_pack,mission_pack,2026-01-27,1,0,0.00
p_001136,xp_onboarding_mission_pack,control,2026-02-12,0,0,0.00
p_001137,xp_onboarding_mission_pack,mission_pack,2026-02-06,1,0,0.00
p_001138,xp_onboarding_mission_pack,control,2026-01-09,0,0,0.00
p_001139,xp_onboarding_mission_pack,control,2026-01-24,0,1,4.99
p_001140,xp_onboarding_mission_pack,mission_pack,2026-02-23,1,0,0.00
p_001141,xp_onboarding_mission_pack,control,2026-01-21,0,0,0.00
p_001142,xp_onboarding_mission_pack,mission_pack,2026-02-09,0,0,0.00
p_001143,xp_onboarding_mission_pack,mission_pack,2026-02-12,1,0,0.00
p_001144,xp_onboarding_mission_pack,mission_pack,2026-02-16,0,0,0.00
p_001145,xp_onboarding_mission_pack,control,2026-02-18,0,0,0.00
p_001146,xp_onboarding_mission_pack,mission_pack,2026-01-19,0,0,0.00
p_001147,xp_onboarding_mission_pack,mission_pack,2026-02-07,0,0,0.00
p_001148,xp_onboarding_mission_pack,control,2026-02-03,0,1,4.99
p_001149,xp_onboarding_mission_pack,mission_pack,2026-01-26,0,0,0.00
p_001150,xp_onboarding_mission_pack,control,2026-01-19,1,0,0.00
p_001151,xp_onboarding_mission_pack,control,2026-01-16,0,0,0.00
p_001152,xp_onboarding_mission_pack,control,2026-02-06,1,0,0.00
p_001153,xp_onboarding_mission_pack,control,2026-01-16,1,0,0.00
p_001154,xp_onboarding_mission_pack,mission_pack,2026-01-17,0,0,0.00
p_001155,xp_onboarding_mission_pack,mission_pack,2026-02-23,1,0,0.00
p_001156,xp_onboarding_mission_pack,mission_pack,2026-01-06,0,0,0.00
p_001157,xp_onboarding_mission_pack,mission_pack,2026-02-11,0,0,0.00
p_001158,xp_onboarding_mission_pack,control,2026-01-27,0,0,0.00
p_001159,xp_onboarding_mission_pack,control,2026-02-02,0,0,0.00
p_001160,xp_onboarding_mission_pack,mission_pack,2026-01-19,0,0,0.00
p_001161,xp_onboarding_mission_pack,control,2026-02-17,0,0,0.00
p_001162,xp_onboarding_mission_pack,mission_pack,2026-02-06,1,0,0.00
p_001163,xp_onboarding_mission_pack,mission_pack,2026-01-06,1,0,0.00
p_001164,xp_onboarding_mission_pack,mission_pack,2026-02-15,0,0,0.00
p_001165,xp_onboarding_mission_pack,control,2026-01-08,0,0,0.00
p_001166,xp_onboarding_mission_pack,mission_pack,2026-01-01,1,0,0.00
p_001167,xp_onboarding_mission_pack,control,2026-02-12,0,0,0.00
p_001168,xp_onboarding_mission_pack,mission_pack,2026-02-03,0,0,0.00
p_001169,xp_onboarding_mission_pack,control,2026-01-05,0,0,0.00
p_001170,xp_onboarding_mission_pack,mission_pack,2026-02-02,1,0,0.00
p_001171,xp_onboarding_mission_pack,mission_pack,2026-02-16,1,0,0.00
p_001172,xp_onboarding_mission_pack,mission_pack,2026-02-07,0,0,0.00
p_001173,xp_onboarding_mission_pack,control,2026-01-28,0,0,0.00
p_001174,xp_onboarding_mission_pack,mission_pack,2026-02-19,0,0,0.00
p_001175,xp_onboarding_mission_pack,mission_pack,2026-01-07,0,0,0.00
p_001176,xp_onboarding_mission_pack,control,2026-02-24,0,0,0.00
p_001177,xp_onboarding_mission_pack,mission_pack,2026-02-13,0,0,0.00
p_001178,xp_onboarding_mission_pack,mission_pack,2026-01-16,0,0,0.00
p_001179,xp_onboarding_mission_pack,control,2026-01-15,0,0,0.00
p_001180,xp_onboarding_mission_pack,control,2026-02-20,0,0,0.00
p_001181,xp_onboarding_mission_pack,control,2026-02-15,0,0,0.00
p_001182,xp_onboarding_mission_pack,control,2026-02-15,0,0,0.00
p_001183,xp_onboarding_mission_pack,control,2026-02-03,1,0,0.00
p_001184,xp_onboarding_mission_pack,control,2026-01-12,1,0,0.00
p_001185,xp_onboarding_mission_pack,mission_pack,2026-02-09,0,0,0.00
p_001186,xp_onboarding_mission_pack,control,2026-02-12,0,0,0.00
p_001187,xp_onboarding_mission_pack,control,2026-02-17,0,0,0.00
p_001188,xp_onboarding_mission_pack,control,2026-02-09,0,1,4.99
p_001189,xp_onboarding_mission_pack,mission_pack,2026-02-19,1,0,0.00
p_001190,xp_onboarding_mission_pack,control,2026-01-18,1,0,0.00
p_001191,xp_onboarding_mission_pack,mission_pack,2026-01-20,0,0,0.00
p_001192,xp_onboarding_mission_pack,control,2026-02-16,0,0,0.00
p_001193,xp_onboarding_mission_pack,mission_pack,2026-02-13,0,0,0.00
p_001194,xp_onboarding_mission_pack,control,2026-02-23,0,0,0.00
p_001195,xp_onboarding_mission_pack,mission_pack,2026-02-20,1,0,0.00
p_001196,xp_onboarding_mission_pack,mission_pack,2026-01-15,1,0,0.00
p_001197,xp_onboarding_mission_pack,mission_pack,2026-01-08,0,0,0.00
p_001198,xp_onboarding_mission_pack,control,2026-02-20,0,0,0.00
p_001199,xp_onboarding_mission_pack,control,2026-01-01,0,0,0.00
p_001200,xp_onboarding_mission_pack,mission_pack,2026-02-24,1,0,0.00
p_001201,xp_onboarding_mission_pack,mission_pack,2026-01-07,0,0,0.00
p_001202,xp_onboarding_mission_pack,control,2026-02-22,0,0,0.00
p_001203,xp_onboarding_mission_pack,mission_pack,2026-02-03,0,0,0.00
p_001204,xp_onboarding_mission_pack,control,2026-01-17,0,0,0.00
p_001205,xp_onboarding_mission_pack,mission_pack,2026-01-07,0,0,0.00
p_001206,xp_onboarding_mission_pack,mission_pack,2026-02-12,0,0,0.00
p_001207,xp_onboarding_mission_pack,mission_pack,2026-02-11,0,1,9.99
p_001208,xp_onboarding_mission_pack,control,2026-01-15,0,0,0.00
p_001209,xp_onboarding_mission_pack,control,2026-01-11,0,0,0.00
p_001210,xp_onboarding_mission_pack,control,2026-02-14,0,0,0.00
p_001211,xp_onboarding_mission_pack,control,2026-01-02,0,0,0.00
p_001212,xp_onboarding_mission_pack,control,2026-02-20,1,0,0.00
p_001213,xp_onboarding_mission_pack,mission_pack,2026-01-28,0,0,0.00
p_001214,xp_onboarding_mission_pack,mission_pack,2026-01-17,1,0,0.00
p_001215,xp_onboarding_mission_pack,mission_pack,2026-02-20,1,0,0.00
p_001216,xp_onboarding_mission_pack,control,2026-02-07,1,0,0.00
p_001217,xp_onboarding_mission_pack,mission_pack,2026-01-06,1,0,0.00
p_001218,xp_onboarding_mission_pack,mission_pack,2026-01-25,0,0,0.00
p_001219,xp_onboarding_mission_pack,control,2026-01-10,1,1,9.99
p_001220,xp_onboarding_mission_pack,control,2026-01-31,1,0,0.00
p_001221,xp_onboarding_mission_pack,mission_pack,2026-02-11,0,0,0.00
p_001222,xp_onboarding_mission_pack,control,2026-02-20,1,0,0.00
p_001223,xp_onboarding_mission_pack,mission_pack,2026-02-18,0,0,0.00
p_001224,xp_onboarding_mission_pack,mission_pack,2026-02-16,1,0,0.00
p_001225,xp_onboarding_mission_pack,mission_pack,2026-02-21,0,0,0.00
p_001226,xp_onboarding_mission_pack,control,2026-01-27,0,0,0.00
p_001227,xp_onboarding_mission_pack,control,2026-02-13,1,0,0.00
p_001228,xp_onboarding_mission_pack,mission_pack,2026-02-02,0,0,0.00
p_001229,xp_onboarding_mission_pack,mission_pack,2026-02-08,1,0,0.00
p_001230,xp_onboarding_mission_pack,mission_pack,2026-01-10,1,0,0.00
p_001231,xp_onboarding_mission_pack,control,2026-02-07,0,0,0.00
p_001232,xp_onboarding_mission_pack,mission_pack,2026-02-12,0,0,0.00
p_001233,xp_onboarding_mission_pack,control,2026-01-02,0,0,0.00
p_001234,xp_onboarding_mission_pack,control,2026-02-07,0,0,0.00
p_001235,xp_onboarding_mission_pack,control,2026-02-13,1,0,0.00
p_001236,xp_onboarding_mission_pack,control,2026-02-01,1,0,0.00
p_001237,xp_onboarding_mission_pack,control,2026-01-10,0,0,0.00
p_001238,xp_onboarding_mission_pack,mission_pack,2026-02-11,0,0,0.00
p_001239,xp_onboarding_mission_pack,mission_pack,2026-01-06,0,0,0.00
p_001240,xp_onboarding_mission_pack,mission_pack,2026-02-16,0,0,0.00
p_001241,xp_onboarding_mission_pack,control,2026-02-22,1,0,0.00
p_001242,xp_onboarding_mission_pack,control,2026-01-09,0,0,0.00
p_001243,xp_onboarding_mission_pack,mission_pack,2026-02-08,1,0,0.00
p_001244,xp_onboarding_mission_pack,mission_pack,2026-02-21,0,0,0.00
p_001245,xp_onboarding_mission_pack,control,2026-01-19,1,0,0.00
p_001246,xp_onboarding_mission_pack,mission_pack,2026-01-29,0,0,0.00
p_001247,xp_onboarding_mission_pack,control,2026-02-14,0,0,0.00
p_001248,xp_onboarding_mission_pack,mission_pack,2026-02-17,0,0,0.00
p_001249,xp_onboarding_mission_pack,control,2026-01-01,1,0,0.00
p_001250,xp_onboarding_mission_pack,control,2026-02-12,0,0,0.00
p_001251,xp_onboarding_mission_pack,mission_pack,2026-02-10,0,0,0.00
p_001252,xp_onboarding_mission_pack,control,2026-02-04,0,0,0.00
p_001253,xp_onboarding_mission_pack,mission_pack,2026-02-23,1,0,0.00
p_001254,xp_onboarding_mission_pack,control,2026-02-16,0,0,0.00
p_001255,xp_onboarding_mission_pack,control,2026-02-08,1,0,0.00
p_001256,xp_onboarding_mission_pack,control,2026-01-27,0,0,0.00
p_001257,xp_onboarding_mission_pack,control,2026-02-24,0,0,0.00
p_001258,xp_onboarding_mission_pack,control,2026-01-23,0,0,0.00
p_001259,xp_onboarding_mission_pack,control,2026-01-10,0,0,0.00
p_001260,xp_onboarding_mission_pack,mission_pack,2026-01-25,1,0,0.00
p_001261,xp_onboarding_mission_pack,mission_pack,2026-02-03,0,0,0.00
p_001262,xp_onboarding_mission_pack,control,2026-01-03,1,0,0.00
p_001263,xp_onboarding_mission_pack,mission_pack,2026-02-10,0,0,0.00
p_001264,xp_onboarding_mission_pack,mission_pack,2026-01-29,1,0,0.00
p_001265,xp_onboarding_mission_pack,control,2026-02-06,1,1,4.99
p_001266,xp_onboarding_mission_pack,control,2026-01-13,0,0,0.00
p_001267,xp_onboarding_mission_pack,mission_pack,2026-01-23,0,0,0.00
p_001268,xp_onboarding_mission_pack,control,2026-02-15,0,0,0.00
p_001269,xp_onboarding_mission_pack,control,2026-02-11,1,0,0.00
p_001270,xp_onboarding_mission_pack,control,2026-02-14,0,0,0.00
p_001271,xp_onboarding_mission_pack,mission_pack,2026-01-13,1,0,0.00
p_001272,xp_onboarding_mission_pack,mission_pack,2026-02-04,0,0,0.00
p_001273,xp_onboarding_mission_pack,control,2026-02-06,1,1,4.99
p_001274,xp_onboarding_mission_pack,mission_pack,2026-02-19,1,0,0.00
p_001275,xp_onboarding_mission_pack,control,2026-01-17,0,0,0.00
p_001276,xp_onboarding_mission_pack,control,2026-01-09,0,0,0.00
p_001277,xp_onboarding_mission_pack,control,2026-02-19,0,0,0.00
p_001278,xp_onboarding_mission_pack,control,2026-01-20,0,0,0.00
p_001279,xp_onboarding_mission_pack,mission_pack,2026-01-03,0,0,0.00
p_001280,xp_onboarding_mission_pack,mission_pack,2026-02-12,1,0,0.00
p_001281,xp_onboarding_mission_pack,control,2026-01-29,1,0,0.00
p_001282,xp_onboarding_mission_pack,control,2026-01-21,1,0,0.00
p_001283,xp_onboarding_mission_pack,mission_pack,2026-01-03,1,0,0.00
p_001284,xp_onboarding_mission_pack,mission_pack,2026-01-21,1,0,0.00
p_001285,xp_onboarding_mission_pack,control,2026-02-15,0,0,0.00
p_001286,xp_onboarding_mission_pack,control,2026-02-04,0,0,0.00
p_001287,xp_onboarding_mission_pack,mission_pack,2026-02-24,1,0,0.00
p_001288,xp_onboarding_mission_pack,control,2026-01-23,1,0,0.00
p_001289,xp_onboarding_mission_pack,control,2026-01-26,0,0,0.00
p_001290,xp_onboarding_mission_pack,mission_pack,2026-02-16,0,0,0.00
p_001291,xp_onboarding_mission_pack,mission_pack,2026-02-21,0,0,0.00
p_001292,xp_onboarding_mission_pack,control,2026-02-04,1,0,0.00
p_001293,xp_onboarding_mission_pack,control,2026-01-16,1,0,0.00
p_001294,xp_onboarding_mission_pack,control,2026-02-10,0,0,0.00
p_001295,xp_onboarding_mission_pack,mission_pack,2026-02-04,1,0,0.00
p_001296,xp_onboarding_mission_pack,control,2026-01-23,0,0,0.00
p_001297,xp_onboarding_mission_pack,control,2026-01-04,0,0,0.00
p_001298,xp_onboarding_mission_pack,control,2026-01-22,0,0,0.00
p_001299,xp_onboarding_mission_pack,mission_pack,2026-02-06,0,0,0.00
p_001300,xp_onboarding_mission_pack,control,2026-02-20,1,0,0.00
p_001301,xp_onboarding_mission_pack,control,2026-02-15,1,0,0.00
p_001302,xp_onboarding_mission_pack,control,2026-01-27,0,0,0.00
p_001303,xp_onboarding_mission_pack,mission_pack,2026-01-30,1,0,0.00
p_001304,xp_onboarding_mission_pack,mission_pack,2026-01-01,0,0,0.00
p_001305,xp_onboarding_mission_pack,mission_pack,2026-01-21,1,0,0.00
p_001306,xp_onboarding_mission_pack,mission_pack,2026-01-14,0,0,0.00
p_001307,xp_onboarding_mission_pack,mission_pack,2026-01-08,1,0,0.00
p_001308,xp_onboarding_mission_pack,control,2026-01-22,1,0,0.00
p_001309,xp_onboarding_mission_pack,mission_pack,2026-01-20,0,0,0.00
p_001310,xp_onboarding_mission_pack,mission_pack,2026-01-26,1,0,0.00
p_001311,xp_onboarding_mission_pack,mission_pack,2026-02-20,0,0,0.00
p_001312,xp_onboarding_mission_pack,control,2026-01-10,1,0,0.00
p_001313,xp_onboarding_mission_pack,mission_pack,2026-01-27,0,0,0.00
p_001314,xp_onboarding_mission_pack,control,2026-01-04,0,0,0.00
p_001315,xp_onboarding_mission_pack,mission_pack,2026-02-22,1,0,0.00
p_001316,xp_onboarding_mission_pack,control,2026-02-08,0,0,0.00
p_001317,xp_onboarding_mission_pack,mission_pack,2026-01-16,1,0,0.00
p_001318,xp_onboarding_mission_pack,mission_pack,2026-01-17,1,0,0.00
p_001319,xp_onboarding_mission_pack,mission_pack,2026-02-09,0,0,0.00
p_001320,xp_onboarding_mission_pack,control,2026-01-21,1,0,0.00
p_001321,xp_onboarding_mission_pack,control,2026-01-27,0,0,0.00
p_001322,xp_onboarding_mission_pack,mission_pack,2026-01-14,1,0,0.00
p_001323,xp_onboarding_mission_pack,mission_pack,2026-01-06,1,0,0.00
p_001324,xp_onboarding_mission_pack,mission_pack,2026-02-13,0,0,0.00
p_001325,xp_onboarding_mission_pack,mission_pack,2026-01-22,0,0,0.00
p_001326,xp_onboarding_mission_pack,mission_pack,2026-02-06,0,0,0.00
p_001327,xp_onboarding_mission_pack,control,2026-01-18,1,0,0.00
p_001328,xp_onboarding_mission_pack,mission_pack,2026-01-06,0,0,0.00
p_001329,xp_onboarding_mission_pack,control,2026-01-23,0,0,0.00
p_001330,xp_onboarding_mission_pack,mission_pack,2026-01-14,1,0,0.00
p_001331,xp_onboarding_mission_pack,control,2026-02-01,1,0,0.00
p_001332,xp_onboarding_mission_pack,control,2026-01-30,0,0,0.00
p_001333,xp_onboarding_mission_pack,control,2026-01-25,1,0,0.00
p_001334,xp_onboarding_mission_pack,mission_pack,2026-01-29,0,0,0.00
p_001335,xp_onboarding_mission_pack,control,2026-02-13,0,0,0.00
p_001336,xp_onboarding_mission_pack,control,2026-01-30,1,0,0.00
p_001337,xp_onboarding_mission_pack,control,2026-01-04,0,0,0.00
p_001338,xp_onboarding_mission_pack,mission_pack,2026-02-18,0,0,0.00
p_001339,xp_onboarding_mission_pack,mission_pack,2026-01-28,0,0,0.00
p_001340,xp_onboarding_mission_pack,mission_pack,2026-01-10,0,0,0.00
p_001341,xp_onboarding_mission_pack,control,2026-01-31,0,0,0.00
p_001342,xp_onboarding_mission_pack,control,2026-02-18,1,0,0.00
p_001343,xp_onboarding_mission_pack,control,2026-02-12,1,1,4.99
p_001344,xp_onboarding_mission_pack,control,2026-01-16,0,0,0.00
p_001345,xp_onboarding_mission_pack,mission_pack,2026-02-16,1,0,0.00
p_001346,xp_onboarding_mission_pack,control,2026-01-10,1,0,0.00
p_001347,xp_onboarding_mission_pack,mission_pack,2026-01-28,0,0,0.00
p_001348,xp_onboarding_mission_pack,control,2026-01-12,0,0,0.00
p_001349,xp_onboarding_mission_pack,mission_pack,2026-02-17,0,0,0.00
p_001350,xp_onboarding_mission_pack,control,2026-01-22,1,0,0.00
p_001351,xp_onboarding_mission_pack,control,2026-02-16,1,0,0.00
p_001352,xp_onboarding_mission_pack,control,2026-01-10,1,0,0.00
p_001353,xp_onboarding_mission_pack,control,2026-01-05,0,0,0.00
p_001354,xp_onboarding_mission_pack,control,2026-02-03,0,0,0.00
p_001355,xp_onboarding_mission_pack,control,2026-01-21,0,0,0.00
p_001356,xp_onboarding_mission_pack,mission_pack,2026-01-06,1,1,9.98
p_001357,xp_onboarding_mission_pack,mission_pack,2026-01-19,0,0,0.00
p_001358,xp_onboarding_mission_pack,mission_pack,2026-02-19,1,0,0.00
p_001359,xp_onboarding_mission_pack,control,2026-02-16,0,0,0.00
p_001360,xp_onboarding_mission_pack,mission_pack,2026-01-29,0,0,0.00
p_001361,xp_onboarding_mission_pack,control,2026-01-31,1,1,19.98
p_001362,xp_onboarding_mission_pack,control,2026-01-27,1,0,0.00
p_001363,xp_onboarding_mission_pack,control,2026-01-10,0,0,0.00
p_001364,xp_onboarding_mission_pack,mission_pack,2026-02-15,0,0,0.00
p_001365,xp_onboarding_mission_pack,mission_pack,2026-01-31,1,0,0.00
p_001366,xp_onboarding_mission_pack,mission_pack,2026-02-21,0,0,0.00
p_001367,xp_onboarding_mission_pack,mission_pack,2026-02-02,1,0,0.00
p_001368,xp_onboarding_mission_pack,control,2026-02-04,1,0,0.00
p_001369,xp_onboarding_mission_pack,control,2026-02-04,0,0,0.00
p_001370,xp_onboarding_mission_pack,mission_pack,2026-01-31,0,0,0.00
p_001371,xp_onboarding_mission_pack,mission_pack,2026-02-23,0,0,0.00
p_001372,xp_onboarding_mission_pack,mission_pack,2026-02-13,0,0,0.00
p_001373,xp_onboarding_mission_pack,mission_pack,2026-01-23,0,0,0.00
p_001374,xp_onboarding_mission_pack,control,2026-01-12,1,0,0.00
p_001375,xp_onboarding_mission_pack,mission_pack,2026-01-20,0,0,0.00
p_001376,xp_onboarding_mission_pack,mission_pack,2026-01-23,0,0,0.00
p_001377,xp_onboarding_mission_pack,control,2026-01-21,0,0,0.00
p_001378,xp_onboarding_mission_pack,control,2026-01-17,0,0,0.00
p_001379,xp_onboarding_mission_pack,control,2026-01-13,0,0,0.00
p_001380,xp_onboarding_mission_pack,control,2026-01-11,0,0,0.00
p_001381,xp_onboarding_mission_pack,mission_pack,2026-01-22,1,0,0.00
p_001382,xp_onboarding_mission_pack,control,2026-01-11,1,0,0.00
p_001383,xp_onboarding_mission_pack,mission_pack,2026-02-24,0,0,0.00
p_001384,xp_onboarding_mission_pack,control,2026-02-22,0,0,0.00
p_001385,xp_onboarding_mission_pack,control,2026-02-10,0,0,0.00
p_001386,xp_onboarding_mission_pack,control,2026-02-21,0,0,0.00
p_001387,xp_onboarding_mission_pack,mission_pack,2026-01-04,1,0,0.00
p_001388,xp_onboarding_mission_pack,mission_pack,2026-02-03,0,0,0.00
p_001389,xp_onboarding_mission_pack,control,2026-02-05,0,0,0.00
p_001390,xp_onboarding_mission_pack,control,2026-01-20,1,0,0.00
p_001391,xp_onboarding_mission_pack,control,2026-01-30,0,0,0.00
p_001392,xp_onboarding_mission_pack,mission_pack,2026-02-03,0,0,0.00
p_001393,xp_onboarding_mission_pack,mission_pack,2026-01-19,0,0,0.00
p_001394,xp_onboarding_mission_pack,mission_pack,2026-01-08,0,0,0.00
p_001395,xp_onboarding_mission_pack,mission_pack,2026-01-05,0,0,0.00
p_001396,xp_onboarding_mission_pack,control,2026-01-25,0,0,0.00
p_001397,xp_onboarding_mission_pack,control,2026-02-16,0,0,0.00
p_001398,xp_onboarding_mission_pack,control,2026-02-24,0,0,0.00
p_001399,xp_onboarding_mission_pack,mission_pack,2026-01-12,0,0,0.00
p_001400,xp_onboarding_mission_pack,mission_pack,2026-02-23,0,0,0.00
p_001401,xp_onboarding_mission_pack,mission_pack,2026-01-03,0,0,0.00
p_001402,xp_onboarding_mission_pack,control,2026-01-29,0,0,0.00
p_001403,xp_onboarding_mission_pack,control,2026-01-19,0,0,0.00
p_001404,xp_onboarding_mission_pack,mission_pack,2026-01-16,0,0,0.00
p_001405,xp_onboarding_mission_pack,mission_pack,2026-01-24,0,0,0.00
p_001406,xp_onboarding_mission_pack,control,2026-01-06,1,0,0.00
p_001407,xp_onboarding_mission_pack,control,2026-01-08,0,0,0.00
p_001408,xp_onboarding_mission_pack,mission_pack,2026-02-15,0,0,0.00
p_001409,xp_onboarding_mission_pack,control,2026-01-30,0,0,0.00
p_001410,xp_onboarding_mission_pack,mission_pack,2026-01-24,1,0,0.00
p_001411,xp_onboarding_mission_pack,mission_pack,2026-01-30,1,0,0.00
p_001412,xp_onboarding_mission_pack,mission_pack,2026-02-21,1,0,0.00
p_001413,xp_onboarding_mission_pack,control,2026-01-18,0,0,0.00
p_001414,xp_onboarding_mission_pack,mission_pack,2026-01-09,0,0,0.00
p_001415,xp_onboarding_mission_pack,control,2026-01-31,0,0,0.00
p_001416,xp_onboarding_mission_pack,mission_pack,2026-01-17,1,1,4.99
p_001417,xp_onboarding_mission_pack,mission_pack,2026-01-01,0,0,0.00
p_001418,xp_onboarding_mission_pack,mission_pack,2026-02-24,0,0,0.00
p_001419,xp_onboarding_mission_pack,control,2026-01-01,0,0,0.00
p_001420,xp_onboarding_mission_pack,control,2026-01-01,1,0,0.00
p_001421,xp_onboarding_mission_pack,mission_pack,2026-01-19,1,0,0.00
p_001422,xp_onboarding_mission_pack,mission_pack,2026-01-01,0,0,0.00
p_001423,xp_onboarding_mission_pack,control,2026-01-18,0,0,0.00
p_001424,xp_onboarding_mission_pack,mission_pack,2026-01-14,0,0,0.00
p_001425,xp_onboarding_mission_pack,mission_pack,2026-01-28,1,1,4.99
p_001426,xp_onboarding_mission_pack,control,2026-01-05,0,0,0.00
p_001427,xp_onboarding_mission_pack,control,2026-02-18,0,0,0.00
p_001428,xp_onboarding_mission_pack,mission_pack,2026-02-20,1,1,9.99
p_001429,xp_onboarding_mission_pack,mission_pack,2026-02-14,1,0,0.00
p_001430,xp_onboarding_mission_pack,control,2026-02-22,0,0,0.00
p_001431,xp_onboarding_mission_pack,control,2026-02-04,1,0,0.00
p_001432,xp_onboarding_mission_pack,control,2026-01-19,0,0,0.00
p_001433,xp_onboarding_mission_pack,mission_pack,2026-02-12,0,0,0.00
p_001434,xp_onboarding_mission_pack,control,2026-02-10,0,0,0.00
p_001435,xp_onboarding_mission_pack,mission_pack,2026-02-03,1,0,0.00
p_001436,xp_onboarding_mission_pack,mission_pack,2026-02-22,1,0,0.00
p_001437,xp_onboarding_mission_pack,control,2026-02-07,1,0,0.00
p_001438,xp_onboarding_mission_pack,control,2026-02-17,0,0,0.00
p_001439,xp_onboarding_mission_pack,mission_pack,2026-01-04,0,0,0.00
p_001440,xp_onboarding_mission_pack,mission_pack,2026-02-19,1,0,0.00
p_001441,xp_onboarding_mission_pack,control,2026-02-03,0,0,0.00
p_001442,xp_onboarding_mission_pack,control,2026-01-23,0,0,0.00
p_001443,xp_onboarding_mission_pack,control,2026-01-20,0,0,0.00
p_001444,xp_onboarding_mission_pack,control,2026-01-14,0,0,0.00
p_001445,xp_onboarding_mission_pack,mission_pack,2026-01-16,1,0,0.00
p_001446,xp_onboarding_mission_pack,mission_pack,2026-02-04,0,0,0.00
p_001447,xp_onboarding_mission_pack,control,2026-01-08,1,0,0.00
p_001448,xp_onboarding_mission_pack,mission_pack,2026-01-18,0,0,0.00
p_001449,xp_onboarding_mission_pack,control,2026-02-08,0,0,0.00
p_001450,xp_onboarding_mission_pack,mission_pack,2026-02-08,0,1,9.99
p_001451,xp_onboarding_mission_pack,control,2026-01-16,0,0,0.00
p_001452,xp_onboarding_mission_pack,mission_pack,2026-02-01,0,0,0.00
p_001453,xp_onboarding_mission_pack,control,2026-02-18,1,0,0.00
p_001454,xp_onboarding_mission_pack,mission_pack,2026-01-27,1,0,0.00
p_001455,xp_onboarding_mission_pack,mission_pack,2026-01-19,0,0,0.00
p_001456,xp_onboarding_mission_pack,mission_pack,2026-01-18,0,0,0.00
p_001457,xp_onboarding_mission_pack,control,2026-02-17,1,0,0.00
p_001458,xp_onboarding_mission_pack,mission_pack,2026-01-16,1,0,0.00
p_001459,xp_onboarding_mission_pack,mission_pack,2026-01-12,1,0,0.00
p_001460,xp_onboarding_mission_pack,control,2026-02-24,0,0,0.00
p_001461,xp_onboarding_mission_pack,control,2026-01-20,0,0,0.00
p_001462,xp_onboarding_mission_pack,control,2026-01-29,0,0,0.00
p_001463,xp_onboarding_mission_pack,mission_pack,2026-02-01,0,0,0.00
p_001464,xp_onboarding_mission_pack,control,2026-01-20,0,0,0.00
p_001465,xp_onboarding_mission_pack,control,2026-01-18,1,0,0.00
p_001466,xp_onboarding_mission_pack,control,2026-01-13,0,0,0.00
p_001467,xp_onboarding_mission_pack,mission_pack,2026-01-06,0,0,0.00
p_001468,xp_onboarding_mission_pack,control,2026-02-05,1,0,0.00
p_001469,xp_onboarding_mission_pack,control,2026-01-28,0,0,0.00
p_001470,xp_onboarding_mission_pack,control,2026-02-14,0,0,0.00
p_001471,xp_onboarding_mission_pack,control,2026-01-20,1,0,0.00
p_001472,xp_onboarding_mission_pack,mission_pack,2026-02-23,0,0,0.00
p_001473,xp_onboarding_mission_pack,control,2026-01-04,0,0,0.00
p_001474,xp_onboarding_mission_pack,mission_pack,2026-01-22,1,0,0.00
p_001475,xp_onboarding_mission_pack,control,2026-01-11,0,0,0.00
p_001476,xp_onboarding_mission_pack,mission_pack,2026-02-02,0,0,0.00
p_001477,xp_onboarding_mission_pack,mission_pack,2026-01-26,0,0,0.00
p_001478,xp_onboarding_mission_pack,control,2026-02-08,1,0,0.00
p_001479,xp_onboarding_mission_pack,control,2026-01-15,0,0,0.00
p_001480,xp_onboarding_mission_pack,mission_pack,2026-01-04,0,0,0.00
p_001481,xp_onboarding_mission_pack,mission_pack,2026-02-02,1,0,0.00
p_001482,xp_onboarding_mission_pack,mission_pack,2026-02-02,0,0,0.00
p_001483,xp_onboarding_mission_pack,control,2026-02-20,0,0,0.00
p_001484,xp_onboarding_mission_pack,mission_pack,2026-01-24,1,0,0.00
p_001485,xp_onboarding_mission_pack,control,2026-02-12,1,0,0.00
p_001486,xp_onboarding_mission_pack,mission_pack,2026-01-12,1,0,0.00
p_001487,xp_onboarding_mission_pack,control,2026-01-22,1,0,0.00
p_001488,xp_onboarding_mission_pack,mission_pack,2026-01-12,1,0,0.00
p_001489,xp_onboarding_mission_pack,mission_pack,2026-02-13,0,1,19.98
p_001490,xp_onboarding_mission_pack,control,2026-01-13,0,0,0.00
p_001491,xp_onboarding_mission_pack,mission_pack,2026-02-17,0,0,0.00
p_001492,xp_onboarding_mission_pack,mission_pack,2026-02-16,1,0,0.00
p_001493,xp_onboarding_mission_pack,mission_pack,2026-02-11,0,0,0.00
p_001494,xp_onboarding_mission_pack,control,2026-01-15,0,0,0.00
p_001495,xp_onboarding_mission_pack,mission_pack,2026-02-07,0,0,0.00
p_001496,xp_onboarding_mission_pack,mission_pack,2026-01-30,0,0,0.00
p_001497,xp_onboarding_mission_pack,control,2026-02-21,0,0,0.00
p_001498,xp_onboarding_mission_pack,mission_pack,2026-01-25,0,0,0.00
p_001499,xp_onboarding_mission_pack,control,2026-01-01,1,0,0.00
p_001500,xp_onboarding_mission_pack,control,2026-01-13,0,0,0.00
p_001501,xp_onboarding_mission_pack,mission_pack,2026-01-28,1,0,0.00
p_001502,xp_onboarding_mission_pack,mission_pack,2026-01-12,1,0,0.00
p_001503,xp_onboarding_mission_pack,control,2026-02-11,1,1,4.99
p_001504,xp_onboarding_mission_pack,mission_pack,2026-01-07,0,0,0.00
p_001505,xp_onboarding_mission_pack,control,2026-01-01,0,0,0.00
p_001506,xp_onboarding_mission_pack,control,2026-01-18,1,0,0.00
p_001507,xp_onboarding_mission_pack,mission_pack,2026-02-18,0,0,0.00
p_001508,xp_onboarding_mission_pack,mission_pack,2026-02-18,0,0,0.00
p_001509,xp_onboarding_mission_pack,mission_pack,2026-02-24,0,0,0.00
p_001510,xp_onboarding_mission_pack,control,2026-01-09,0,0,0.00
p_001511,xp_onboarding_mission_pack,control,2026-02-15,0,0,0.00
p_001512,xp_onboarding_mission_pack,mission_pack,2026-01-13,0,0,0.00
p_001513,xp_onboarding_mission_pack,control,2026-02-15,0,0,0.00
p_001514,xp_onboarding_mission_pack,mission_pack,2026-02-20,0,0,0.00
p_001515,xp_onboarding_mission_pack,mission_pack,2026-01-26,0,0,0.00
p_001516,xp_onboarding_mission_pack,control,2026-01-08,1,0,0.00
p_001517,xp_onboarding_mission_pack,control,2026-02-23,0,0,0.00
p_001518,xp_onboarding_mission_pack,mission_pack,2026-01-06,0,0,0.00
p_001519,xp_onboarding_mission_pack,mission_pack,2026-01-12,1,0,0.00
p_001520,xp_onboarding_mission_pack,mission_pack,2026-02-03,0,0,0.00
p_001521,xp_onboarding_mission_pack,mission_pack,2026-02-03,1,0,0.00
p_001522,xp_onboarding_mission_pack,control,2026-01-31,0,0,0.00
p_001523,xp_onboarding_mission_pack,mission_pack,2026-02-11,1,0,0.00
p_001524,xp_onboarding_mission_pack,control,2026-01-07,0,0,0.00
p_001525,xp_onboarding_mission_pack,control,2026-01-08,0,0,0.00
p_001526,xp_onboarding_mission_pack,control,2026-02-10,0,0,0.00
p_001527,xp_onboarding_mission_pack,control,2026-02-21,0,0,0.00
p_001528,xp_onboarding_mission_pack,mission_pack,2026-02-11,1,0,0.00
p_001529,xp_onboarding_mission_pack,control,2026-01-11,0,0,0.00
p_001530,xp_onboarding_mission_pack,mission_pack,2026-01-01,1,0,0.00
p_001531,xp_onboarding_mission_pack,control,2026-01-13,1,0,0.00
p_001532,xp_onboarding_mission_pack,control,2026-01-20,0,0,0.00
p_001533,xp_onboarding_mission_pack,mission_pack,2026-02-16,1,0,0.00
p_001534,xp_onboarding_mission_pack,mission_pack,2026-01-27,1,0,0.00
p_001535,xp_onboarding_mission_pack,control,2026-01-24,1,0,0.00
p_001536,xp_onboarding_mission_pack,control,2026-02-24,1,1,29.98
p_001537,xp_onboarding_mission_pack,control,2026-01-09,1,0,0.00
p_001538,xp_onboarding_mission_pack,control,2026-01-18,1,0,0.00
p_001539,xp_onboarding_mission_pack,mission_pack,2026-01-28,0,0,0.00
p_001540,xp_onboarding_mission_pack,mission_pack,2026-01-31,1,1,24.98
p_001541,xp_onboarding_mission_pack,mission_pack,2026-02-09,1,0,0.00
p_001542,xp_onboarding_mission_pack,control,2026-02-19,0,0,0.00
p_001543,xp_onboarding_mission_pack,control,2026-02-01,0,0,0.00
p_001544,xp_onboarding_mission_pack,control,2026-01-13,0,0,0.00
p_001545,xp_onboarding_mission_pack,control,2026-01-16,1,0,0.00
p_001546,xp_onboarding_mission_pack,control,2026-01-07,0,0,0.00
p_001547,xp_onboarding_mission_pack,control,2026-02-21,1,0,0.00
p_001548,xp_onboarding_mission_pack,control,2026-01-25,1,0,0.00
p_001549,xp_onboarding_mission_pack,mission_pack,2026-02-05,1,0,0.00
p_001550,xp_onboarding_mission_pack,mission_pack,2026-01-17,0,0,0.00
p_001551,xp_onboarding_mission_pack,control,2026-02-09,0,0,0.00
p_001552,xp_onboarding_mission_pack,control,2026-01-31,1,0,0.00
p_001553,xp_onboarding_mission_pack,control,2026-01-04,0,0,0.00
p_001554,xp_onboarding_mission_pack,mission_pack,2026-01-30,1,0,0.00
p_001555,xp_onboarding_mission_pack,control,2026-01-05,1,0,0.00
p_001556,xp_onboarding_mission_pack,mission_pack,2026-01-20,0,0,0.00
p_001557,xp_onboarding_mission_pack,mission_pack,2026-02-03,0,0,0.00
p_001558,xp_onboarding_mission_pack,mission_pack,2026-01-30,1,0,0.00
p_001559,xp_onboarding_mission_pack,control,2026-01-08,1,0,0.00
p_001560,xp_onboarding_mission_pack,control,2026-02-22,0,0,0.00
p_001561,xp_onboarding_mission_pack,mission_pack,2026-02-03,0,0,0.00
p_001562,xp_onboarding_mission_pack,control,2026-01-21,0,0,0.00
p_001563,xp_onboarding_mission_pack,mission_pack,2026-01-30,0,0,0.00
p_001564,xp_onboarding_mission_pack,mission_pack,2026-02-21,0,0,0.00
p_001565,xp_onboarding_mission_pack,control,2026-01-01,0,0,0.00
p_001566,xp_onboarding_mission_pack,control,2026-02-23,0,0,0.00
p_001567,xp_onboarding_mission_pack,control,2026-02-18,0,0,0.00
p_001568,xp_onboarding_mission_pack,control,2026-02-23,0,0,0.00
p_001569,xp_onboarding_mission_pack,mission_pack,2026-02-14,0,0,0.00
p_001570,xp_onboarding_mission_pack,control,2026-02-22,0,0,0.00
p_001571,xp_onboarding_mission_pack,mission_pack,2026-02-04,1,0,0.00
p_001572,xp_onboarding_mission_pack,mission_pack,2026-02-19,1,0,0.00
p_001573,xp_onboarding_mission_pack,control,2026-01-20,1,0,0.00
p_001574,xp_onboarding_mission_pack,mission_pack,2026-01-05,0,0,0.00
p_001575,xp_onboarding_mission_pack,mission_pack,2026-02-13,1,0,0.00
p_001576,xp_onboarding_mission_pack,control,2026-01-23,0,0,0.00
p_001577,xp_onboarding_mission_pack,control,2026-01-04,0,1,4.99
p_001578,xp_onboarding_mission_pack,control,2026-02-12,0,0,0.00
p_001579,xp_onboarding_mission_pack,control,2026-02-07,0,0,0.00
p_001580,xp_onboarding_mission_pack,mission_pack,2026-01-04,1,0,0.00
p_001581,xp_onboarding_mission_pack,control,2026-01-07,1,0,0.00
p_001582,xp_onboarding_mission_pack,mission_pack,2026-01-31,1,0,0.00
p_001583,xp_onboarding_mission_pack,mission_pack,2026-01-08,0,0,0.00
p_001584,xp_onboarding_mission_pack,control,2026-02-09,0,0,0.00
p_001585,xp_onboarding_mission_pack,mission_pack,2026-02-09,0,0,0.00
p_001586,xp_onboarding_mission_pack,mission_pack,2026-01-23,1,0,0.00
p_001587,xp_onboarding_mission_pack,control,2026-01-26,1,0,0.00
p_001588,xp_onboarding_mission_pack,mission_pack,2026-02-24,0,0,0.00
p_001589,xp_onboarding_mission_pack,control,2026-01-18,0,0,0.00
p_001590,xp_onboarding_mission_pack,mission_pack,2026-01-24,0,0,0.00
p_001591,xp_onboarding_mission_pack,control,2026-01-21,0,0,0.00
p_001592,xp_onboarding_mission_pack,control,2026-01-02,1,0,0.00
p_001593,xp_onboarding_mission_pack,mission_pack,2026-02-10,0,0,0.00
p_001594,xp_onboarding_mission_pack,control,2026-01-25,1,0,0.00
p_001595,xp_onboarding_mission_pack,mission_pack,2026-01-16,0,0,0.00
p_001596,xp_onboarding_mission_pack,mission_pack,2026-01-14,0,0,0.00
p_001597,xp_onboarding_mission_pack,mission_pack,2026-02-22,0,1,49.99
p_001598,xp_onboarding_mission_pack,control,2026-02-11,0,0,0.00
p_001599,xp_onboarding_mission_pack,control,2026-02-10,1,0,0.00
p_001600,xp_onboarding_mission_pack,control,2026-02-14,1,0,0.00
p_001601,xp_onboarding_mission_pack,mission_pack,2026-02-20,1,0,0.00
p_001602,xp_onboarding_mission_pack,mission_pack,2026-01-15,0,0,0.00
p_001603,xp_onboarding_mission_pack,mission_pack,2026-02-17,1,0,0.00
p_001604,xp_onboarding_mission_pack,mission_pack,2026-01-23,0,0,0.00
p_001605,xp_onboarding_mission_pack,mission_pack,2026-01-21,0,0,0.00
p_001606,xp_onboarding_mission_pack,control,2026-01-23,0,0,0.00
p_001607,xp_onboarding_mission_pack,control,2026-01-20,0,0,0.00
p_001608,xp_onboarding_mission_pack,control,2026-01-11,0,0,0.00
p_001609,xp_onboarding_mission_pack,control,2026-01-08,1,0,0.00
p_001610,xp_onboarding_mission_pack,control,2026-01-15,0,0,0.00
p_001611,xp_onboarding_mission_pack,control,2026-01-13,1,0,0.00
p_001612,xp_onboarding_mission_pack,mission_pack,2026-02-14,0,0,0.00
p_001613,xp_onboarding_mission_pack,control,2026-02-10,0,0,0.00
p_001614,xp_onboarding_mission_pack,mission_pack,2026-02-03,0,0,0.00
p_001615,xp_onboarding_mission_pack,mission_pack,2026-01-04,1,0,0.00
p_001616,xp_onboarding_mission_pack,control,2026-01-21,1,0,0.00
p_001617,xp_onboarding_mission_pack,mission_pack,2026-01-16,0,0,0.00
p_001618,xp_onboarding_mission_pack,mission_pack,2026-02-01,1,0,0.00
p_001619,xp_onboarding_mission_pack,mission_pack,2026-02-03,0,0,0.00
p_001620,xp_onboarding_mission_pack,control,2026-01-05,1,0,0.00
p_001621,xp_onboarding_mission_pack,mission_pack,2026-01-04,0,0,0.00
p_001622,xp_onboarding_mission_pack,control,2026-01-06,1,0,0.00
p_001623,xp_onboarding_mission_pack,mission_pack,2026-02-13,0,0,0.00
p_001624,xp_onboarding_mission_pack,mission_pack,2026-01-22,0,0,0.00
p_001625,xp_onboarding_mission_pack,control,2026-02-22,0,0,0.00
p_001626,xp_onboarding_mission_pack,control,2026-01-19,1,0,0.00
p_001627,xp_onboarding_mission_pack,control,2026-01-14,1,0,0.00
p_001628,xp_onboarding_mission_pack,mission_pack,2026-01-02,0,0,0.00
p_001629,xp_onboarding_mission_pack,control,2026-01-31,0,0,0.00
p_001630,xp_onboarding_mission_pack,control,2026-01-04,0,0,0.00
p_001631,xp_onboarding_mission_pack,control,2026-01-29,0,0,0.00
p_001632,xp_onboarding_mission_pack,mission_pack,2026-01-08,0,0,0.00
p_001633,xp_onboarding_mission_pack,control,2026-01-23,1,0,0.00
p_001634,xp_onboarding_mission_pack,control,2026-02-16,1,0,0.00
p_001635,xp_onboarding_mission_pack,control,2026-02-08,0,0,0.00
p_001636,xp_onboarding_mission_pack,control,2026-01-16,0,0,0.00
p_001637,xp_onboarding_mission_pack,control,2026-02-16,0,0,0.00
p_001638,xp_onboarding_mission_pack,mission_pack,2026-02-19,0,0,0.00
p_001639,xp_onboarding_mission_pack,control,2026-01-21,0,0,0.00
p_001640,xp_onboarding_mission_pack,mission_pack,2026-02-14,0,0,0.00
p_001641,xp_onboarding_mission_pack,control,2026-02-17,0,0,0.00
p_001642,xp_onboarding_mission_pack,mission_pack,2026-01-19,0,0,0.00
p_001643,xp_onboarding_mission_pack,control,2026-02-17,0,0,0.00
p_001644,xp_onboarding_mission_pack,control,2026-01-06,1,0,0.00
p_001645,xp_onboarding_mission_pack,control,2026-01-24,0,0,0.00
p_001646,xp_onboarding_mission_pack,control,2026-02-08,1,0,0.00
p_001647,xp_onboarding_mission_pack,mission_pack,2026-01-05,1,0,0.00
p_001648,xp_onboarding_mission_pack,control,2026-01-23,0,0,0.00
p_001649,xp_onboarding_mission_pack,control,2026-01-11,0,0,0.00
p_001650,xp_onboarding_mission_pack,mission_pack,2026-01-15,1,0,0.00
p_001651,xp_onboarding_mission_pack,mission_pack,2026-02-22,0,0,0.00
p_001652,xp_onboarding_mission_pack,mission_pack,2026-02-24,1,0,0.00
p_001653,xp_onboarding_mission_pack,control,2026-01-26,0,0,0.00
p_001654,xp_onboarding_mission_pack,control,2026-01-18,0,0,0.00
p_001655,xp_onboarding_mission_pack,control,2026-02-01,1,0,0.00
p_001656,xp_onboarding_mission_pack,control,2026-01-17,0,0,0.00
p_001657,xp_onboarding_mission_pack,control,2026-01-25,0,0,0.00
p_001658,xp_onboarding_mission_pack,control,2026-02-06,0,0,0.00
p_001659,xp_onboarding_mission_pack,control,2026-01-23,1,0,0.00
p_001660,xp_onboarding_mission_pack,mission_pack,2026-01-26,1,0,0.00
p_001661,xp_onboarding_mission_pack,mission_pack,2026-01-18,1,0,0.00
p_001662,xp_onboarding_mission_pack,control,2026-01-21,1,0,0.00
p_001663,xp_onboarding_mission_pack,control,2026-01-27,0,0,0.00
p_001664,xp_onboarding_mission_pack,mission_pack,2026-01-20,1,0,0.00
p_001665,xp_onboarding_mission_pack,control,2026-01-18,0,0,0.00
p_001666,xp_onboarding_mission_pack,mission_pack,2026-02-19,0,0,0.00
p_001667,xp_onboarding_mission_pack,mission_pack,2026-01-08,1,0,0.00
p_001668,xp_onboarding_mission_pack,control,2026-02-01,1,0,0.00
p_001669,xp_onboarding_mission_pack,control,2026-02-14,0,0,0.00
p_001670,xp_onboarding_mission_pack,control,2026-01-31,1,0,0.00
p_001671,xp_onboarding_mission_pack,control,2026-01-10,1,0,0.00
p_001672,xp_onboarding_mission_pack,mission_pack,2026-01-04,0,0,0.00
p_001673,xp_onboarding_mission_pack,control,2026-02-05,0,0,0.00
p_001674,xp_onboarding_mission_pack,control,2026-01-27,0,0,0.00
p_001675,xp_onboarding_mission_pack,control,2026-02-15,0,0,0.00
p_001676,xp_onboarding_mission_pack,control,2026-01-05,0,0,0.00
p_001677,xp_onboarding_mission_pack,control,2026-01-31,0,0,0.00
p_001678,xp_onboarding_mission_pack,mission_pack,2026-01-10,0,0,0.00
p_001679,xp_onboarding_mission_pack,control,2026-02-05,0,0,0.00
p_001680,xp_onboarding_mission_pack,control,2026-01-07,0,0,0.00
p_001681,xp_onboarding_mission_pack,control,2026-01-25,1,0,0.00
p_001682,xp_onboarding_mission_pack,mission_pack,2026-01-01,0,0,0.00
p_001683,xp_onboarding_mission_pack,control,2026-02-18,0,0,0.00
p_001684,xp_onboarding_mission_pack,mission_pack,2026-01-23,0,0,0.00
p_001685,xp_onboarding_mission_pack,control,2026-01-04,0,0,0.00
p_001686,xp_onboarding_mission_pack,control,2026-01-03,1,0,0.00
p_001687,xp_onboarding_mission_pack,control,2026-02-04,0,0,0.00
p_001688,xp_onboarding_mission_pack,mission_pack,2026-01-03,0,0,0.00
p_001689,xp_onboarding_mission_pack,control,2026-01-26,1,0,0.00
p_001690,xp_onboarding_mission_pack,mission_pack,2026-02-12,0,0,0.00
p_001691,xp_onboarding_mission_pack,control,2026-02-24,1,0,0.00
p_001692,xp_onboarding_mission_pack,control,2026-01-11,0,0,0.00
p_001693,xp_onboarding_mission_pack,control,2026-01-16,1,0,0.00
p_001694,xp_onboarding_mission_pack,mission_pack,2026-01-30,0,0,0.00
p_001695,xp_onboarding_mission_pack,mission_pack,2026-01-06,0,0,0.00
p_001696,xp_onboarding_mission_pack,mission_pack,2026-02-12,0,0,0.00
p_001697,xp_onboarding_mission_pack,control,2026-02-23,0,0,0.00
p_001698,xp_onboarding_mission_pack,mission_pack,2026-01-16,0,0,0.00
p_001699,xp_onboarding_mission_pack,control,2026-01-22,0,0,0.00
p_001700,xp_onboarding_mission_pack,mission_pack,2026-01-08,0,0,0.00
p_001701,xp_onboarding_mission_pack,control,2026-02-20,0,0,0.00
p_001702,xp_onboarding_mission_pack,control,2026-01-12,1,0,0.00
p_001703,xp_onboarding_mission_pack,control,2026-01-13,1,0,0.00
p_001704,xp_onboarding_mission_pack,mission_pack,2026-02-16,0,0,0.00
p_001705,xp_onboarding_mission_pack,mission_pack,2026-02-05,0,0,0.00
p_001706,xp_onboarding_mission_pack,mission_pack,2026-01-01,0,0,0.00
p_001707,xp_onboarding_mission_pack,mission_pack,2026-01-21,1,1,4.99
p_001708,xp_onboarding_mission_pack,mission_pack,2026-01-26,1,0,0.00
p_001709,xp_onboarding_mission_pack,control,2026-02-22,0,0,0.00
p_001710,xp_onboarding_mission_pack,control,2026-02-06,0,0,0.00
p_001711,xp_onboarding_mission_pack,control,2026-01-25,0,0,0.00
p_001712,xp_onboarding_mission_pack,mission_pack,2026-02-02,1,0,0.00
p_001713,xp_onboarding_mission_pack,mission_pack,2026-02-02,1,0,0.00
p_001714,xp_onboarding_mission_pack,mission_pack,2026-02-20,1,0,0.00
p_001715,xp_onboarding_mission_pack,mission_pack,2026-02-14,0,0,0.00
p_001716,xp_onboarding_mission_pack,control,2026-01-19,1,0,0.00
p_001717,xp_onboarding_mission_pack,mission_pack,2026-02-12,1,0,0.00
p_001718,xp_onboarding_mission_pack,control,2026-01-04,1,0,0.00
p_001719,xp_onboarding_mission_pack,mission_pack,2026-02-12,1,0,0.00
p_001720,xp_onboarding_mission_pack,control,2026-02-10,0,0,0.00
p_001721,xp_onboarding_mission_pack,control,2026-02-23,1,1,29.96
p_001722,xp_onboarding_mission_pack,control,2026-01-27,0,0,0.00
p_001723,xp_onboarding_mission_pack,mission_pack,2026-02-20,0,0,0.00
p_001724,xp_onboarding_mission_pack,control,2026-01-05,0,0,0.00
p_001725,xp_onboarding_mission_pack,mission_pack,2026-02-06,0,0,0.00
p_001726,xp_onboarding_mission_pack,mission_pack,2026-02-24,0,0,0.00
p_001727,xp_onboarding_mission_pack,mission_pack,2026-01-18,1,0,0.00
p_001728,xp_onboarding_mission_pack,mission_pack,2026-02-10,0,0,0.00
p_001729,xp_onboarding_mission_pack,mission_pack,2026-02-13,0,0,0.00
p_001730,xp_onboarding_mission_pack,control,2026-01-09,0,0,0.00
p_001731,xp_onboarding_mission_pack,control,2026-01-03,0,0,0.00
p_001732,xp_onboarding_mission_pack,mission_pack,2026-01-27,0,1,9.99
p_001733,xp_onboarding_mission_pack,control,2026-01-26,0,0,0.00
p_001734,xp_onboarding_mission_pack,mission_pack,2026-01-26,0,0,0.00
p_001735,xp_onboarding_mission_pack,mission_pack,2026-02-18,0,0,0.00
p_001736,xp_onboarding_mission_pack,control,2026-02-16,0,0,0.00
p_001737,xp_onboarding_mission_pack,control,2026-02-15,0,0,0.00
p_001738,xp_onboarding_mission_pack,mission_pack,2026-02-05,0,0,0.00
p_001739,xp_onboarding_mission_pack,control,2026-01-27,0,0,0.00
p_001740,xp_onboarding_mission_pack,mission_pack,2026-02-13,1,0,0.00
p_001741,xp_onboarding_mission_pack,mission_pack,2026-02-16,0,0,0.00
p_001742,xp_onboarding_mission_pack,control,2026-01-11,1,0,0.00
p_001743,xp_onboarding_mission_pack,mission_pack,2026-01-25,1,0,0.00
p_001744,xp_onboarding_mission_pack,control,2026-02-07,0,0,0.00
p_001745,xp_onboarding_mission_pack,control,2026-02-16,1,0,0.00
p_001746,xp_onboarding_mission_pack,control,2026-01-01,0,0,0.00
p_001747,xp_onboarding_mission_pack,control,2026-01-09,1,0,0.00
p_001748,xp_onboarding_mission_pack,mission_pack,2026-01-26,1,0,0.00
p_001749,xp_onboarding_mission_pack,mission_pack,2026-02-03,0,0,0.00
p_001750,xp_onboarding_mission_pack,control,2026-02-09,1,0,0.00
p_001751,xp_onboarding_mission_pack,mission_pack,2026-01-02,1,0,0.00
p_001752,xp_onboarding_mission_pack,mission_pack,2026-01-23,1,0,0.00
p_001753,xp_onboarding_mission_pack,control,2026-01-22,0,0,0.00
p_001754,xp_onboarding_mission_pack,control,2026-02-08,1,0,0.00
p_001755,xp_onboarding_mission_pack,mission_pack,2026-02-01,0,0,0.00
p_001756,xp_onboarding_mission_pack,control,2026-01-03,1,0,0.00
p_001757,xp_onboarding_mission_pack,mission_pack,2026-01-23,0,0,0.00
p_001758,xp_onboarding_mission_pack,control,2026-01-12,0,0,0.00
p_001759,xp_onboarding_mission_pack,mission_pack,2026-01-26,1,0,0.00
p_001760,xp_onboarding_mission_pack,mission_pack,2026-02-23,1,0,0.00
p_001761,xp_onboarding_mission_pack,mission_pack,2026-02-02,1,0,0.00
p_001762,xp_onboarding_mission_pack,control,2026-02-18,1,0,0.00
p_001763,xp_onboarding_mission_pack,mission_pack,2026-02-04,0,0,0.00
p_001764,xp_onboarding_mission_pack,mission_pack,2026-02-03,0,0,0.00
p_001765,xp_onboarding_mission_pack,mission_pack,2026-02-24,1,0,0.00
p_001766,xp_onboarding_mission_pack,mission_pack,2026-02-08,0,0,0.00
p_001767,xp_onboarding_mission_pack,control,2026-02-17,0,0,0.00
p_001768,xp_onboarding_mission_pack,mission_pack,2026-01-18,0,0,0.00
p_001769,xp_onboarding_mission_pack,control,2026-01-24,0,0,0.00
p_001770,xp_onboarding_mission_pack,mission_pack,2026-01-22,0,0,0.00
p_001771,xp_onboarding_mission_pack,mission_pack,2026-01-04,1,0,0.00
p_001772,xp_onboarding_mission_pack,mission_pack,2026-02-15,1,0,0.00
p_001773,xp_onboarding_mission_pack,control,2026-02-20,0,0,0.00
p_001774,xp_onboarding_mission_pack,control,2026-01-21,0,1,4.99
p_001775,xp_onboarding_mission_pack,control,2026-02-11,1,0,0.00
p_001776,xp_onboarding_mission_pack,mission_pack,2026-02-23,0,0,0.00
p_001777,xp_onboarding_mission_pack,control,2026-01-07,0,0,0.00
p_001778,xp_onboarding_mission_pack,control,2026-02-21,1,0,0.00
p_001779,xp_onboarding_mission_pack,control,2026-02-20,0,0,0.00
p_001780,xp_onboarding_mission_pack,mission_pack,2026-02-07,0,0,0.00
p_001781,xp_onboarding_mission_pack,control,2026-01-31,0,0,0.00
p_001782,xp_onboarding_mission_pack,control,2026-01-11,1,1,4.99
p_001783,xp_onboarding_mission_pack,control,2026-02-06,1,0,0.00
p_001784,xp_onboarding_mission_pack,control,2026-02-14,0,0,0.00
p_001785,xp_onboarding_mission_pack,mission_pack,2026-02-10,0,0,0.00
p_001786,xp_onboarding_mission_pack,control,2026-02-08,0,0,0.00
p_001787,xp_onboarding_mission_pack,control,2026-01-21,0,0,0.00
p_001788,xp_onboarding_mission_pack,mission_pack,2026-01-25,0,0,0.00
p_001789,xp_onboarding_mission_pack,control,2026-02-02,0,0,0.00
p_001790,xp_onboarding_mission_pack,mission_pack,2026-01-21,0,0,0.00
p_001791,xp_onboarding_mission_pack,mission_pack,2026-01-08,0,0,0.00
p_001792,xp_onboarding_mission_pack,control,2026-01-10,1,0,0.00
p_001793,xp_onboarding_mission_pack,control,2026-02-16,0,0,0.00
p_001794,xp_onboarding_mission_pack,mission_pack,2026-01-02,0,0,0.00
p_001795,xp_onboarding_mission_pack,control,2026-01-10,0,0,0.00
p_001796,xp_onboarding_mission_pack,control,2026-01-11,1,0,0.00
p_001797,xp_onboarding_mission_pack,control,2026-02-11,0,0,0.00
p_001798,xp_onboarding_mission_pack,control,2026-02-21,0,0,0.00
p_001799,xp_onboarding_mission_pack,control,2026-01-12,0,0,0.00
p_001800,xp_onboarding_mission_pack,control,2026-01-22,0,0,0.00
p_001801,xp_onboarding_mission_pack,mission_pack,2026-02-19,1,0,0.00
p_001802,xp_onboarding_mission_pack,control,2026-02-13,0,0,0.00
p_001803,xp_onboarding_mission_pack,mission_pack,2026-01-19,1,0,0.00
p_001804,xp_onboarding_mission_pack,mission_pack,2026-01-20,0,0,0.00
p_001805,xp_onboarding_mission_pack,mission_pack,2026-01-11,1,0,0.00
p_001806,xp_onboarding_mission_pack,mission_pack,2026-01-22,1,0,0.00
p_001807,xp_onboarding_mission_pack,control,2026-01-16,0,0,0.00
p_001808,xp_onboarding_mission_pack,control,2026-01-04,0,0,0.00
p_001809,xp_onboarding_mission_pack,control,2026-02-03,1,0,0.00
p_001810,xp_onboarding_mission_pack,mission_pack,2026-01-28,0,0,0.00
p_001811,xp_onboarding_mission_pack,mission_pack,2026-02-06,0,0,0.00
p_001812,xp_onboarding_mission_pack,mission_pack,2026-01-11,0,0,0.00
p_001813,xp_onboarding_mission_pack,control,2026-01-31,0,0,0.00
p_001814,xp_onboarding_mission_pack,mission_pack,2026-01-19,1,0,0.00
p_001815,xp_onboarding_mission_pack,control,2026-01-16,1,0,0.00
p_001816,xp_onboarding_mission_pack,control,2026-01-08,0,0,0.00
p_001817,xp_onboarding_mission_pack,control,2026-02-22,1,0,0.00
p_001818,xp_onboarding_mission_pack,control,2026-02-13,1,0,0.00
p_001819,xp_onboarding_mission_pack,mission_pack,2026-01-22,1,0,0.00
p_001820,xp_onboarding_mission_pack,mission_pack,2026-01-09,0,0,0.00
p_001821,xp_onboarding_mission_pack,mission_pack,2026-01-30,0,0,0.00
p_001822,xp_onboarding_mission_pack,mission_pack,2026-01-05,1,0,0.00
p_001823,xp_onboarding_mission_pack,mission_pack,2026-01-25,1,0,0.00
p_001824,xp_onboarding_mission_pack,mission_pack,2026-02-12,1,0,0.00
p_001825,xp_onboarding_mission_pack,control,2026-01-16,0,1,9.99
p_001826,xp_onboarding_mission_pack,mission_pack,2026-02-24,1,1,9.99
p_001827,xp_onboarding_mission_pack,mission_pack,2026-01-31,0,0,0.00
p_001828,xp_onboarding_mission_pack,control,2026-01-16,1,0,0.00
p_001829,xp_onboarding_mission_pack,control,2026-01-05,0,0,0.00
p_001830,xp_onboarding_mission_pack,control,2026-01-24,0,0,0.00
p_001831,xp_onboarding_mission_pack,control,2026-02-14,0,0,0.00
p_001832,xp_onboarding_mission_pack,mission_pack,2026-02-06,1,0,0.00
p_001833,xp_onboarding_mission_pack,mission_pack,2026-02-17,0,0,0.00
p_001834,xp_onboarding_mission_pack,mission_pack,2026-01-20,1,0,0.00
p_001835,xp_onboarding_mission_pack,control,2026-01-13,0,0,0.00
p_001836,xp_onboarding_mission_pack,control,2026-02-10,0,0,0.00
p_001837,xp_onboarding_mission_pack,mission_pack,2026-01-09,0,0,0.00
p_001838,xp_onboarding_mission_pack,control,2026-01-13,1,0,0.00
p_001839,xp_onboarding_mission_pack,mission_pack,2026-02-07,0,0,0.00
p_001840,xp_onboarding_mission_pack,control,2026-02-05,1,1,9.99
p_001841,xp_onboarding_mission_pack,control,2026-01-16,0,0,0.00
p_001842,xp_onboarding_mission_pack,control,2026-01-16,1,0,0.00
p_001843,xp_onboarding_mission_pack,control,2026-02-11,0,0,0.00
p_001844,xp_onboarding_mission_pack,mission_pack,2026-01-14,0,0,0.00
p_001845,xp_onboarding_mission_pack,control,2026-02-13,0,0,0.00
p_001846,xp_onboarding_mission_pack,control,2026-01-21,1,0,0.00
p_001847,xp_onboarding_mission_pack,mission_pack,2026-01-16,0,0,0.00
p_001848,xp_onboarding_mission_pack,control,2026-02-21,0,0,0.00
p_001849,xp_onboarding_mission_pack,mission_pack,2026-01-04,0,0,0.00
p_001850,xp_onboarding_mission_pack,control,2026-01-09,0,1,9.98
p_001851,xp_onboarding_mission_pack,control,2026-02-06,0,0,0.00
p_001852,xp_onboarding_mission_pack,mission_pack,2026-02-06,0,0,0.00
p_001853,xp_onboarding_mission_pack,mission_pack,2026-01-01,0,0,0.00
p_001854,xp_onboarding_mission_pack,control,2026-02-13,1,0,0.00
p_001855,xp_onboarding_mission_pack,mission_pack,2026-02-07,1,0,0.00
p_001856,xp_onboarding_mission_pack,control,2026-02-06,1,0,0.00
p_001857,xp_onboarding_mission_pack,mission_pack,2026-01-18,0,0,0.00
p_001858,xp_onboarding_mission_pack,mission_pack,2026-01-04,1,0,0.00
p_001859,xp_onboarding_mission_pack,mission_pack,2026-01-19,1,0,0.00
p_001860,xp_onboarding_mission_pack,mission_pack,2026-01-26,0,0,0.00
p_001861,xp_onboarding_mission_pack,mission_pack,2026-02-22,0,1,19.99
p_001862,xp_onboarding_mission_pack,control,2026-02-04,0,0,0.00
p_001863,xp_onboarding_mission_pack,control,2026-01-15,1,0,0.00
p_001864,xp_onboarding_mission_pack,control,2026-01-03,0,0,0.00
p_001865,xp_onboarding_mission_pack,mission_pack,2026-01-08,0,0,0.00
p_001866,xp_onboarding_mission_pack,control,2026-02-09,1,0,0.00
p_001867,xp_onboarding_mission_pack,mission_pack,2026-02-17,0,0,0.00
p_001868,xp_onboarding_mission_pack,mission_pack,2026-02-21,1,0,0.00
p_001869,xp_onboarding_mission_pack,mission_pack,2026-02-06,0,0,0.00
p_001870,xp_onboarding_mission_pack,control,2026-02-21,0,0,0.00
p_001871,xp_onboarding_mission_pack,mission_pack,2026-02-06,0,0,0.00
p_001872,xp_onboarding_mission_pack,mission_pack,2026-02-07,1,0,0.00
p_001873,xp_onboarding_mission_pack,mission_pack,2026-02-01,0,0,0.00
p_001874,xp_onboarding_mission_pack,control,2026-01-12,1,0,0.00
p_001875,xp_onboarding_mission_pack,control,2026-01-28,1,0,0.00
p_001876,xp_onboarding_mission_pack,mission_pack,2026-01-04,0,0,0.00
p_001877,xp_onboarding_mission_pack,mission_pack,2026-02-23,0,0,0.00
p_001878,xp_onboarding_mission_pack,mission_pack,2026-02-11,1,0,0.00
p_001879,xp_onboarding_mission_pack,mission_pack,2026-02-03,0,0,0.00
p_001880,xp_onboarding_mission_pack,mission_pack,2026-01-20,1,0,0.00
p_001881,xp_onboarding_mission_pack,mission_pack,2026-01-12,0,0,0.00
p_001882,xp_onboarding_mission_pack,mission_pack,2026-01-02,1,0,0.00
p_001883,xp_onboarding_mission_pack,control,2026-01-08,0,0,0.00
p_001884,xp_onboarding_mission_pack,control,2026-01-04,1,0,0.00
p_001885,xp_onboarding_mission_pack,control,2026-01-22,1,0,0.00
p_001886,xp_onboarding_mission_pack,control,2026-02-17,0,0,0.00
p_001887,xp_onboarding_mission_pack,mission_pack,2026-01-02,1,0,0.00
p_001888,xp_onboarding_mission_pack,control,2026-02-04,1,0,0.00
p_001889,xp_onboarding_mission_pack,control,2026-01-24,0,0,0.00
p_001890,xp_onboarding_mission_pack,mission_pack,2026-01-07,0,0,0.00
p_001891,xp_onboarding_mission_pack,mission_pack,2026-01-27,0,0,0.00
p_001892,xp_onboarding_mission_pack,control,2026-01-15,0,0,0.00
p_001893,xp_onboarding_mission_pack,control,2026-02-03,0,0,0.00
p_001894,xp_onboarding_mission_pack,control,2026-02-01,0,0,0.00
p_001895,xp_onboarding_mission_pack,control,2026-02-16,0,0,0.00
p_001896,xp_onboarding_mission_pack,control,2026-02-01,0,0,0.00
p_001897,xp_onboarding_mission_pack,control,2026-02-15,0,0,0.00
p_001898,xp_onboarding_mission_pack,mission_pack,2026-01-08,0,0,0.00
p_001899,xp_onboarding_mission_pack,mission_pack,2026-02-23,0,0,0.00
p_001900,xp_onboarding_mission_pack,mission_pack,2026-01-14,0,0,0.00
p_001901,xp_onboarding_mission_pack,control,2026-01-24,0,0,0.00
p_001902,xp_onboarding_mission_pack,control,2026-02-20,1,0,0.00
p_001903,xp_onboarding_mission_pack,control,2026-01-09,0,0,0.00
p_001904,xp_onboarding_mission_pack,mission_pack,2026-02-18,0,0,0.00
p_001905,xp_onboarding_mission_pack,control,2026-01-14,0,0,0.00
p_001906,xp_onboarding_mission_pack,control,2026-01-03,0,0,0.00
p_001907,xp_onboarding_mission_pack,mission_pack,2026-02-07,1,0,0.00
p_001908,xp_onboarding_mission_pack,mission_pack,2026-02-22,0,0,0.00
p_001909,xp_onboarding_mission_pack,control,2026-02-05,1,0,0.00
p_001910,xp_onboarding_mission_pack,mission_pack,2026-01-18,0,0,0.00
p_001911,xp_onboarding_mission_pack,mission_pack,2026-02-08,1,0,0.00
p_001912,xp_onboarding_mission_pack,mission_pack,2026-02-11,0,0,0.00
p_001913,xp_onboarding_mission_pack,control,2026-02-09,1,0,0.00
p_001914,xp_onboarding_mission_pack,control,2026-01-14,0,0,0.00
p_001915,xp_onboarding_mission_pack,control,2026-01-26,1,0,0.00
p_001916,xp_onboarding_mission_pack,control,2026-01-23,1,0,0.00
p_001917,xp_onboarding_mission_pack,mission_pack,2026-01-14,1,0,0.00
p_001918,xp_onboarding_mission_pack,control,2026-02-05,0,0,0.00
p_001919,xp_onboarding_mission_pack,control,2026-01-10,1,0,0.00
p_001920,xp_onboarding_mission_pack,control,2026-02-03,0,0,0.00
p_001921,xp_onboarding_mission_pack,mission_pack,2026-02-10,0,0,0.00
p_001922,xp_onboarding_mission_pack,control,2026-01-13,0,0,0.00
p_001923,xp_onboarding_mission_pack,mission_pack,2026-01-25,0,0,0.00
p_001924,xp_onboarding_mission_pack,control,2026-01-25,0,0,0.00
p_001925,xp_onboarding_mission_pack,control,2026-01-06,0,1,14.98
p_001926,xp_onboarding_mission_pack,mission_pack,2026-02-23,0,0,0.00
p_001927,xp_onboarding_mission_pack,mission_pack,2026-02-05,0,0,0.00
p_001928,xp_onboarding_mission_pack,control,2026-02-14,1,0,0.00
p_001929,xp_onboarding_mission_pack,control,2026-02-06,0,0,0.00
p_001930,xp_onboarding_mission_pack,control,2026-01-28,1,0,0.00
p_001931,xp_onboarding_mission_pack,control,2026-01-23,1,0,0.00
p_001932,xp_onboarding_mission_pack,mission_pack,2026-01-17,0,0,0.00
p_001933,xp_onboarding_mission_pack,control,2026-02-08,0,0,0.00
p_001934,xp_onboarding_mission_pack,control,2026-01-31,0,0,0.00
p_001935,xp_onboarding_mission_pack,mission_pack,2026-01-13,0,0,0.00
p_001936,xp_onboarding_mission_pack,mission_pack,2026-01-15,0,0,0.00
p_001937,xp_onboarding_mission_pack,mission_pack,2026-01-30,0,0,0.00
p_001938,xp_onboarding_mission_pack,mission_pack,2026-01-02,0,0,0.00
p_001939,xp_onboarding_mission_pack,mission_pack,2026-02-20,1,1,4.99
p_001940,xp_onboarding_mission_pack,control,2026-01-07,1,0,0.00
p_001941,xp_onboarding_mission_pack,control,2026-01-21,1,0,0.00
p_001942,xp_onboarding_mission_pack,mission_pack,2026-01-10,0,0,0.00
p_001943,xp_onboarding_mission_pack,mission_pack,2026-02-08,1,0,0.00
p_001944,xp_onboarding_mission_pack,mission_pack,2026-01-07,0,0,0.00
p_001945,xp_onboarding_mission_pack,control,2026-01-05,1,0,0.00
p_001946,xp_onboarding_mission_pack,mission_pack,2026-01-03,0,0,0.00
p_001947,xp_onboarding_mission_pack,mission_pack,2026-02-03,1,0,0.00
p_001948,xp_onboarding_mission_pack,control,2026-01-13,0,0,0.00
p_001949,xp_onboarding_mission_pack,control,2026-01-23,1,0,0.00
p_001950,xp_onboarding_mission_pack,mission_pack,2026-01-04,1,0,0.00
p_001951,xp_onboarding_mission_pack,mission_pack,2026-01-22,1,0,0.00
p_001952,xp_onboarding_mission_pack,mission_pack,2026-01-16,1,0,0.00
p_001953,xp_onboarding_mission_pack,control,2026-01-19,0,0,0.00
p_001954,xp_onboarding_mission_pack,mission_pack,2026-02-16,0,0,0.00
p_001955,xp_onboarding_mission_pack,control,2026-01-28,0,0,0.00
p_001956,xp_onboarding_mission_pack,mission_pack,2026-02-24,0,0,0.00
p_001957,xp_onboarding_mission_pack,control,2026-01-21,0,0,0.00
p_001958,xp_onboarding_mission_pack,mission_pack,2026-01-17,0,0,0.00
p_001959,xp_onboarding_mission_pack,control,2026-02-05,0,0,0.00
p_001960,xp_onboarding_mission_pack,mission_pack,2026-01-07,0,0,0.00
p_001961,xp_onboarding_mission_pack,control,2026-01-30,1,0,0.00
p_001962,xp_onboarding_mission_pack,control,2026-01-22,1,0,0.00
p_001963,xp_onboarding_mission_pack,control,2026-01-17,1,0,0.00
p_001964,xp_onboarding_mission_pack,control,2026-02-14,0,0,0.00
p_001965,xp_onboarding_mission_pack,control,2026-01-12,0,0,0.00
p_001966,xp_onboarding_mission_pack,control,2026-02-12,1,0,0.00
p_001967,xp_onboarding_mission_pack,mission_pack,2026-01-15,0,0,0.00
p_001968,xp_onboarding_mission_pack,control,2026-01-31,0,0,0.00
p_001969,xp_onboarding_mission_pack,mission_pack,2026-02-08,0,0,0.00
p_001970,xp_onboarding_mission_pack,mission_pack,2026-01-30,1,0,0.00
p_001971,xp_onboarding_mission_pack,mission_pack,2026-01-24,1,0,0.00
p_001972,xp_onboarding_mission_pack,mission_pack,2026-02-08,0,0,0.00
p_001973,xp_onboarding_mission_pack,mission_pack,2026-01-09,0,0,0.00
p_001974,xp_onboarding_mission_pack,mission_pack,2026-02-09,0,0,0.00
p_001975,xp_onboarding_mission_pack,mission_pack,2026-02-11,1,0,0.00
p_001976,xp_onboarding_mission_pack,mission_pack,2026-01-16,0,0,0.00
p_001977,xp_onboarding_mission_pack,control,2026-01-19,0,1,19.99
p_001978,xp_onboarding_mission_pack,control,2026-02-23,0,0,0.00
p_001979,xp_onboarding_mission_pack,mission_pack,2026-01-28,0,0,0.00
p_001980,xp_onboarding_mission_pack,control,2026-01-15,0,0,0.00
p_001981,xp_onboarding_mission_pack,control,2026-01-24,0,0,0.00
p_001982,xp_onboarding_mission_pack,control,2026-01-09,0,0,0.00
p_001983,xp_onboarding_mission_pack,control,2026-02-02,1,0,0.00
p_001984,xp_onboarding_mission_pack,mission_pack,2026-01-16,0,0,0.00
p_001985,xp_onboarding_mission_pack,control,2026-01-23,0,0,0.00
p_001986,xp_onboarding_mission_pack,control,2026-01-05,0,0,0.00
p_001987,xp_onboarding_mission_pack,control,2026-01-18,0,0,0.00
p_001988,xp_onboarding_mission_pack,control,2026-02-10,0,0,0.00
p_001989,xp_onboarding_mission_pack,mission_pack,2026-01-01,1,0,0.00
p_001990,xp_onboarding_mission_pack,control,2026-02-12,1,0,0.00
p_001991,xp_onboarding_mission_pack,control,2026-02-14,0,0,0.00
p_001992,xp_onboarding_mission_pack,mission_pack,2026-01-26,0,0,0.00
p_001993,xp_onboarding_mission_pack,mission_pack,2026-01-24,0,0,0.00
p_001994,xp_onboarding_mission_pack,control,2026-01-11,1,0,0.00
p_001995,xp_onboarding_mission_pack,mission_pack,2026-01-18,0,0,0.00
p_001996,xp_onboarding_mission_pack,mission_pack,2026-02-22,0,0,0.00
p_001997,xp_onboarding_mission_pack,control,2026-01-01,1,0,0.00
p_001998,xp_onboarding_mission_pack,control,2026-02-23,1,0,0.00
p_001999,xp_onboarding_mission_pack,mission_pack,2026-01-13,0,1,9.98
p_002000,xp_onboarding_mission_pack,mission_pack,2026-01-17,1,0,0.00
p_002001,xp_onboarding_mission_pack,control,2026-01-02,0,0,0.00
p_002002,xp_onboarding_mission_pack,control,2026-01-20,0,0,0.00
p_002003,xp_onboarding_mission_pack,control,2026-02-16,0,0,0.00
p_002004,xp_onboarding_mission_pack,control,2026-01-15,1,0,0.00
p_002005,xp_onboarding_mission_pack,mission_pack,2026-01-07,1,0,0.00
p_002006,xp_onboarding_mission_pack,mission_pack,2026-01-03,0,0,0.00
p_002007,xp_onboarding_mission_pack,control,2026-01-19,0,0,0.00
p_002008,xp_onboarding_mission_pack,control,2026-02-19,0,0,0.00
p_002009,xp_onboarding_mission_pack,mission_pack,2026-01-11,0,0,0.00
p_002010,xp_onboarding_mission_pack,mission_pack,2026-01-01,0,0,0.00
p_002011,xp_onboarding_mission_pack,mission_pack,2026-01-25,0,1,49.99
p_002012,xp_onboarding_mission_pack,mission_pack,2026-01-06,0,1,19.99
p_002013,xp_onboarding_mission_pack,mission_pack,2026-02-16,0,0,0.00
p_002014,xp_onboarding_mission_pack,control,2026-01-24,0,0,0.00
p_002015,xp_onboarding_mission_pack,mission_pack,2026-01-19,0,0,0.00
p_002016,xp_onboarding_mission_pack,control,2026-01-28,0,0,0.00
p_002017,xp_onboarding_mission_pack,mission_pack,2026-01-23,0,0,0.00
p_002018,xp_onboarding_mission_pack,mission_pack,2026-01-02,1,0,0.00
p_002019,xp_onboarding_mission_pack,mission_pack,2026-01-21,0,0,0.00
p_002020,xp_onboarding_mission_pack,control,2026-02-04,1,0,0.00
p_002021,xp_onboarding_mission_pack,control,2026-01-02,0,0,0.00
p_002022,xp_onboarding_mission_pack,control,2026-01-09,0,0,0.00
p_002023,xp_onboarding_mission_pack,control,2026-02-02,1,0,0.00
p_002024,xp_onboarding_mission_pack,mission_pack,2026-02-24,0,0,0.00
p_002025,xp_onboarding_mission_pack,mission_pack,2026-01-11,0,0,0.00
p_002026,xp_onboarding_mission_pack,control,2026-02-06,0,0,0.00
p_002027,xp_onboarding_mission_pack,mission_pack,2026-01-21,1,0,0.00
p_002028,xp_onboarding_mission_pack,control,2026-01-05,0,0,0.00
p_002029,xp_onboarding_mission_pack,control,2026-01-11,1,0,0.00
p_002030,xp_onboarding_mission_pack,control,2026-01-21,0,0,0.00
p_002031,xp_onboarding_mission_pack,control,2026-01-23,1,0,0.00
p_002032,xp_onboarding_mission_pack,mission_pack,2026-02-05,1,0,0.00
p_002033,xp_onboarding_mission_pack,control,2026-02-04,0,0,0.00
p_002034,xp_onboarding_mission_pack,mission_pack,2026-01-03,0,1,9.99
p_002035,xp_onboarding_mission_pack,mission_pack,2026-01-21,1,0,0.00
p_002036,xp_onboarding_mission_pack,control,2026-01-19,0,0,0.00
p_002037,xp_onboarding_mission_pack,control,2026-01-23,0,0,0.00
p_002038,xp_onboarding_mission_pack,control,2026-01-07,1,0,0.00
p_002039,xp_onboarding_mission_pack,control,2026-02-15,0,0,0.00
p_002040,xp_onboarding_mission_pack,mission_pack,2026-01-03,0,0,0.00
p_002041,xp_onboarding_mission_pack,control,2026-01-03,1,0,0.00
p_002042,xp_onboarding_mission_pack,mission_pack,2026-01-04,1,0,0.00
p_002043,xp_onboarding_mission_pack,mission_pack,2026-02-17,0,0,0.00
p_002044,xp_onboarding_mission_pack,mission_pack,2026-01-31,0,0,0.00
p_002045,xp_onboarding_mission_pack,control,2026-01-26,0,0,0.00
p_002046,xp_onboarding_mission_pack,mission_pack,2026-02-18,0,0,0.00
p_002047,xp_onboarding_mission_pack,mission_pack,2026-02-05,0,0,0.00
p_002048,xp_onboarding_mission_pack,mission_pack,2026-01-16,1,0,0.00
p_002049,xp_onboarding_mission_pack,mission_pack,2026-01-07,0,0,0.00
p_002050,xp_onboarding_mission_pack,control,2026-01-16,1,0,0.00
p_002051,xp_onboarding_mission_pack,mission_pack,2026-01-08,0,0,0.00
p_002052,xp_onboarding_mission_pack,control,2026-01-05,0,0,0.00
p_002053,xp_onboarding_mission_pack,control,2026-01-07,0,0,0.00
p_002054,xp_onboarding_mission_pack,mission_pack,2026-01-04,1,0,0.00
p_002055,xp_onboarding_mission_pack,control,2026-01-10,1,0,0.00
p_002056,xp_onboarding_mission_pack,mission_pack,2026-02-08,1,0,0.00
p_002057,xp_onboarding_mission_pack,mission_pack,2026-01-20,1,0,0.00
p_002058,xp_onboarding_mission_pack,control,2026-02-03,0,0,0.00
p_002059,xp_onboarding_mission_pack,mission_pack,2026-02-21,1,0,0.00
p_002060,xp_onboarding_mission_pack,mission_pack,2026-02-03,1,0,0.00
p_002061,xp_onboarding_mission_pack,control,2026-02-18,1,0,0.00
p_002062,xp_onboarding_mission_pack,mission_pack,2026-01-18,1,0,0.00
p_002063,xp_onboarding_mission_pack,mission_pack,2026-02-22,0,0,0.00
p_002064,xp_onboarding_mission_pack,mission_pack,2026-02-03,1,0,0.00
p_002065,xp_onboarding_mission_pack,mission_pack,2026-02-09,0,0,0.00
p_002066,xp_onboarding_mission_pack,control,2026-01-13,0,0,0.00
p_002067,xp_onboarding_mission_pack,control,2026-02-08,0,0,0.00
p_002068,xp_onboarding_mission_pack,mission_pack,2026-01-07,0,0,0.00
p_002069,xp_onboarding_mission_pack,control,2026-01-26,0,0,0.00
p_002070,xp_onboarding_mission_pack,control,2026-01-22,1,0,0.00
p_002071,xp_onboarding_mission_pack,control,2026-01-07,0,0,0.00
p_002072,xp_onboarding_mission_pack,mission_pack,2026-02-05,0,0,0.00
p_002073,xp_onboarding_mission_pack,mission_pack,2026-02-14,0,0,0.00
p_002074,xp_onboarding_mission_pack,mission_pack,2026-02-03,0,0,0.00
p_002075,xp_onboarding_mission_pack,control,2026-01-19,1,0,0.00
p_002076,xp_onboarding_mission_pack,mission_pack,2026-01-27,0,0,0.00
p_002077,xp_onboarding_mission_pack,mission_pack,2026-01-30,0,1,4.99
p_002078,xp_onboarding_mission_pack,control,2026-01-15,0,0,0.00
p_002079,xp_onboarding_mission_pack,control,2026-01-14,0,0,0.00
p_002080,xp_onboarding_mission_pack,mission_pack,2026-01-10,0,0,0.00
p_002081,xp_onboarding_mission_pack,control,2026-01-25,0,0,0.00
p_002082,xp_onboarding_mission_pack,mission_pack,2026-01-19,1,0,0.00
p_002083,xp_onboarding_mission_pack,mission_pack,2026-02-24,1,0,0.00
p_002084,xp_onboarding_mission_pack,control,2026-01-25,0,0,0.00
p_002085,xp_onboarding_mission_pack,control,2026-02-03,1,0,0.00
p_002086,xp_onboarding_mission_pack,mission_pack,2026-01-18,0,0,0.00
p_002087,xp_onboarding_mission_pack,control,2026-01-12,0,0,0.00
p_002088,xp_onboarding_mission_pack,control,2026-02-04,0,0,0.00
p_002089,xp_onboarding_mission_pack,mission_pack,2026-01-31,1,0,0.00
p_002090,xp_onboarding_mission_pack,mission_pack,2026-02-02,1,0,0.00
p_002091,xp_onboarding_mission_pack,control,2026-02-02,0,0,0.00
p_002092,xp_onboarding_mission_pack,mission_pack,2026-01-20,0,0,0.00
p_002093,xp_onboarding_mission_pack,control,2026-01-26,1,0,0.00
p_002094,xp_onboarding_mission_pack,mission_pack,2026-02-02,0,0,0.00
p_002095,xp_onboarding_mission_pack,mission_pack,2026-02-05,0,0,0.00
p_002096,xp_onboarding_mission_pack,control,2026-01-20,0,0,0.00
p_002097,xp_onboarding_mission_pack,mission_pack,2026-01-16,1,0,0.00
p_002098,xp_onboarding_mission_pack,control,2026-02-17,0,0,0.00
p_002099,xp_onboarding_mission_pack,mission_pack,2026-02-02,0,0,0.00
p_002100,xp_onboarding_mission_pack,mission_pack,2026-01-11,0,0,0.00
p_002101,xp_onboarding_mission_pack,control,2026-02-19,0,0,0.00
p_002102,xp_onboarding_mission_pack,control,2026-01-15,1,0,0.00
p_002103,xp_onboarding_mission_pack,control,2026-01-07,1,0,0.00
p_002104,xp_onboarding_mission_pack,mission_pack,2026-01-26,0,0,0.00
p_002105,xp_onboarding_mission_pack,mission_pack,2026-02-08,1,0,0.00
p_002106,xp_onboarding_mission_pack,mission_pack,2026-01-25,0,0,0.00
p_002107,xp_onboarding_mission_pack,control,2026-02-15,0,0,0.00
p_002108,xp_onboarding_mission_pack,mission_pack,2026-01-10,0,0,0.00
p_002109,xp_onboarding_mission_pack,control,2026-01-04,0,0,0.00
p_002110,xp_onboarding_mission_pack,mission_pack,2026-02-24,1,1,4.99
p_002111,xp_onboarding_mission_pack,mission_pack,2026-02-20,1,0,0.00
p_002112,xp_onboarding_mission_pack,mission_pack,2026-02-14,1,0,0.00
p_002113,xp_onboarding_mission_pack,control,2026-02-14,1,1,19.98
p_002114,xp_onboarding_mission_pack,mission_pack,2026-02-19,0,0,0.00
p_002115,xp_onboarding_mission_pack,control,2026-02-05,0,0,0.00
p_002116,xp_onboarding_mission_pack,control,2026-01-16,0,0,0.00
p_002117,xp_onboarding_mission_pack,control,2026-02-04,0,0,0.00
p_002118,xp_onboarding_mission_pack,mission_pack,2026-02-10,1,0,0.00
p_002119,xp_onboarding_mission_pack,mission_pack,2026-01-22,0,0,0.00
p_002120,xp_onboarding_mission_pack,mission_pack,2026-01-26,0,0,0.00
p_002121,xp_onboarding_mission_pack,control,2026-01-11,0,0,0.00
p_002122,xp_onboarding_mission_pack,mission_pack,2026-02-11,1,0,0.00
p_002123,xp_onboarding_mission_pack,control,2026-01-15,0,0,0.00
p_002124,xp_onboarding_mission_pack,control,2026-02-05,1,0,0.00
p_002125,xp_onboarding_mission_pack,mission_pack,2026-02-11,0,0,0.00
p_002126,xp_onboarding_mission_pack,mission_pack,2026-02-02,0,0,0.00
p_002127,xp_onboarding_mission_pack,mission_pack,2026-01-03,1,0,0.00
p_002128,xp_onboarding_mission_pack,mission_pack,2026-01-03,0,0,0.00
p_002129,xp_onboarding_mission_pack,control,2026-01-03,1,0,0.00
p_002130,xp_onboarding_mission_pack,control,2026-01-20,1,0,0.00
p_002131,xp_onboarding_mission_pack,mission_pack,2026-02-21,0,0,0.00
p_002132,xp_onboarding_mission_pack,control,2026-02-20,1,0,0.00
p_002133,xp_onboarding_mission_pack,mission_pack,2026-01-26,1,0,0.00
p_002134,xp_onboarding_mission_pack,control,2026-01-21,0,0,0.00
p_002135,xp_onboarding_mission_pack,control,2026-01-06,0,0,0.00
p_002136,xp_onboarding_mission_pack,control,2026-01-28,0,0,0.00
p_002137,xp_onboarding_mission_pack,mission_pack,2026-02-24,0,0,0.00
p_002138,xp_onboarding_mission_pack,control,2026-02-24,0,0,0.00
p_002139,xp_onboarding_mission_pack,control,2026-02-15,0,0,0.00
p_002140,xp_onboarding_mission_pack,control,2026-01-06,1,0,0.00
p_002141,xp_onboarding_mission_pack,control,2026-01-17,1,0,0.00
p_002142,xp_onboarding_mission_pack,mission_pack,2026-01-02,0,0,0.00
p_002143,xp_onboarding_mission_pack,control,2026-02-16,0,0,0.00
p_002144,xp_onboarding_mission_pack,mission_pack,2026-02-24,0,0,0.00
p_002145,xp_onboarding_mission_pack,control,2026-02-09,1,0,0.00
p_002146,xp_onboarding_mission_pack,mission_pack,2026-01-28,0,0,0.00
p_002147,xp_onboarding_mission_pack,mission_pack,2026-01-05,0,0,0.00
p_002148,xp_onboarding_mission_pack,control,2026-01-14,1,0,0.00
p_002149,xp_onboarding_mission_pack,mission_pack,2026-02-12,1,0,0.00
p_002150,xp_onboarding_mission_pack,control,2026-02-20,1,0,0.00
p_002151,xp_onboarding_mission_pack,mission_pack,2026-01-20,1,0,0.00
p_002152,xp_onboarding_mission_pack,mission_pack,2026-01-28,1,0,0.00
p_002153,xp_onboarding_mission_pack,control,2026-01-25,0,0,0.00
p_002154,xp_onboarding_mission_pack,control,2026-01-12,0,0,0.00
p_002155,xp_onboarding_mission_pack,control,2026-02-10,1,0,0.00
p_002156,xp_onboarding_mission_pack,control,2026-01-15,1,0,0.00
p_002157,xp_onboarding_mission_pack,control,2026-01-13,0,0,0.00
p_002158,xp_onboarding_mission_pack,control,2026-01-28,1,0,0.00
p_002159,xp_onboarding_mission_pack,control,2026-02-08,0,0,0.00
p_002160,xp_onboarding_mission_pack,control,2026-01-11,1,0,0.00
p_002161,xp_onboarding_mission_pack,mission_pack,2026-02-22,0,0,0.00
p_002162,xp_onboarding_mission_pack,control,2026-02-04,0,0,0.00
p_002163,xp_onboarding_mission_pack,control,2026-01-27,0,0,0.00
p_002164,xp_onboarding_mission_pack,control,2026-02-17,1,1,9.99
p_002165,xp_onboarding_mission_pack,mission_pack,2026-01-10,1,0,0.00
p_002166,xp_onboarding_mission_pack,mission_pack,2026-01-31,0,0,0.00
p_002167,xp_onboarding_mission_pack,control,2026-02-14,0,1,9.98
p_002168,xp_onboarding_mission_pack,control,2026-01-18,1,0,0.00
p_002169,xp_onboarding_mission_pack,mission_pack,2026-01-09,1,0,0.00
p_002170,xp_onboarding_mission_pack,control,2026-02-22,0,0,0.00
p_002171,xp_onboarding_mission_pack,mission_pack,2026-01-07,1,0,0.00
p_002172,xp_onboarding_mission_pack,mission_pack,2026-02-04,0,0,0.00
p_002173,xp_onboarding_mission_pack,mission_pack,2026-02-12,0,0,0.00
p_002174,xp_onboarding_mission_pack,mission_pack,2026-01-20,0,0,0.00
p_002175,xp_onboarding_mission_pack,mission_pack,2026-02-11,0,0,0.00
p_002176,xp_onboarding_mission_pack,mission_pack,2026-02-23,1,0,0.00
p_002177,xp_onboarding_mission_pack,control,2026-02-20,0,0,0.00
p_002178,xp_onboarding_mission_pack,control,2026-02-07,1,0,0.00
p_002179,xp_onboarding_mission_pack,control,2026-01-11,0,0,0.00
p_002180,xp_onboarding_mission_pack,control,2026-02-05,0,0,0.00
p_002181,xp_onboarding_mission_pack,control,2026-02-04,0,0,0.00
p_002182,xp_onboarding_mission_pack,mission_pack,2026-01-25,1,0,0.00
p_002183,xp_onboarding_mission_pack,control,2026-02-02,0,0,0.00
p_002184,xp_onboarding_mission_pack,control,2026-02-20,0,0,0.00
p_002185,xp_onboarding_mission_pack,control,2026-02-20,1,0,0.00
p_002186,xp_onboarding_mission_pack,mission_pack,2026-02-21,0,0,0.00
p_002187,xp_onboarding_mission_pack,mission_pack,2026-01-10,0,0,0.00
p_002188,xp_onboarding_mission_pack,mission_pack,2026-02-19,0,0,0.00
p_002189,xp_onboarding_mission_pack,control,2026-01-14,0,0,0.00
p_002190,xp_onboarding_mission_pack,control,2026-01-21,0,0,0.00
p_002191,xp_onboarding_mission_pack,mission_pack,2026-01-23,0,0,0.00
p_002192,xp_onboarding_mission_pack,mission_pack,2026-01-18,0,0,0.00
p_002193,xp_onboarding_mission_pack,mission_pack,2026-01-13,0,0,0.00
p_002194,xp_onboarding_mission_pack,mission_pack,2026-01-16,1,0,0.00
p_002195,xp_onboarding_mission_pack,control,2026-01-10,1,0,0.00
p_002196,xp_onboarding_mission_pack,mission_pack,2026-02-13,0,0,0.00
p_002197,xp_onboarding_mission_pack,mission_pack,2026-01-01,0,0,0.00
p_002198,xp_onboarding_mission_pack,mission_pack,2026-01-21,0,0,0.00
p_002199,xp_onboarding_mission_pack,mission_pack,2026-02-23,0,0,0.00
p_002200,xp_onboarding_mission_pack,control,2026-01-28,0,0,0.00
p_002201,xp_onboarding_mission_pack,control,2026-02-05,0,0,0.00
p_002202,xp_onboarding_mission_pack,control,2026-02-12,0,0,0.00
p_002203,xp_onboarding_mission_pack,control,2026-01-09,0,0,0.00
p_002204,xp_onboarding_mission_pack,control,2026-01-22,0,0,0.00
p_002205,xp_onboarding_mission_pack,control,2026-01-18,0,1,4.99
p_002206,xp_onboarding_mission_pack,control,2026-02-10,0,0,0.00
p_002207,xp_onboarding_mission_pack,mission_pack,2026-01-16,1,0,0.00
p_002208,xp_onboarding_mission_pack,mission_pack,2026-01-10,0,0,0.00
p_002209,xp_onboarding_mission_pack,mission_pack,2026-01-08,0,0,0.00
p_002210,xp_onboarding_mission_pack,mission_pack,2026-02-04,0,0,0.00
p_002211,xp_onboarding_mission_pack,mission_pack,2026-02-08,0,0,0.00
p_002212,xp_onboarding_mission_pack,mission_pack,2026-02-16,0,0,0.00
p_002213,xp_onboarding_mission_pack,mission_pack,2026-01-09,0,0,0.00
p_002214,xp_onboarding_mission_pack,control,2026-01-16,1,0,0.00
p_002215,xp_onboarding_mission_pack,control,2026-02-02,0,0,0.00
p_002216,xp_onboarding_mission_pack,control,2026-01-01,0,0,0.00
p_002217,xp_onboarding_mission_pack,mission_pack,2026-02-22,0,0,0.00
p_002218,xp_onboarding_mission_pack,mission_pack,2026-01-02,0,0,0.00
p_002219,xp_onboarding_mission_pack,mission_pack,2026-01-28,1,0,0.00
p_002220,xp_onboarding_mission_pack,control,2026-01-04,1,0,0.00
p_002221,xp_onboarding_mission_pack,mission_pack,2026-02-01,0,0,0.00
p_002222,xp_onboarding_mission_pack,mission_pack,2026-01-17,0,0,0.00
p_002223,xp_onboarding_mission_pack,mission_pack,2026-01-07,0,0,0.00
p_002224,xp_onboarding_mission_pack,control,2026-01-21,1,0,0.00
p_002225,xp_onboarding_mission_pack,mission_pack,2026-01-18,1,0,0.00
p_002226,xp_onboarding_mission_pack,control,2026-01-18,0,0,0.00
p_002227,xp_onboarding_mission_pack,mission_pack,2026-01-16,0,0,0.00
p_002228,xp_onboarding_mission_pack,control,2026-02-03,0,0,0.00
p_002229,xp_onboarding_mission_pack,control,2026-01-19,0,0,0.00
p_002230,xp_onboarding_mission_pack,control,2026-01-14,0,0,0.00
p_002231,xp_onboarding_mission_pack,mission_pack,2026-02-19,0,0,0.00
p_002232,xp_onboarding_mission_pack,control,2026-01-05,1,0,0.00
p_002233,xp_onboarding_mission_pack,control,2026-01-28,1,0,0.00
p_002234,xp_onboarding_mission_pack,mission_pack,2026-01-09,0,0,0.00
p_002235,xp_onboarding_mission_pack,control,2026-01-29,0,0,0.00
p_002236,xp_onboarding_mission_pack,control,2026-01-23,0,0,0.00
p_002237,xp_onboarding_mission_pack,mission_pack,2026-02-22,1,0,0.00
p_002238,xp_onboarding_mission_pack,mission_pack,2026-02-18,0,0,0.00
p_002239,xp_onboarding_mission_pack,mission_pack,2026-01-25,1,0,0.00
p_002240,xp_onboarding_mission_pack,mission_pack,2026-02-16,1,0,0.00
p_002241,xp_onboarding_mission_pack,mission_pack,2026-01-19,0,0,0.00
p_002242,xp_onboarding_mission_pack,control,2026-01-17,1,0,0.00
p_002243,xp_onboarding_mission_pack,mission_pack,2026-02-16,0,0,0.00
p_002244,xp_onboarding_mission_pack,mission_pack,2026-02-24,1,0,0.00
p_002245,xp_onboarding_mission_pack,control,2026-01-11,1,0,0.00
p_002246,xp_onboarding_mission_pack,control,2026-01-06,0,0,0.00
p_002247,xp_onboarding_mission_pack,control,2026-01-17,0,0,0.00
p_002248,xp_onboarding_mission_pack,control,2026-01-04,0,0,0.00
p_002249,xp_onboarding_mission_pack,control,2026-01-26,1,0,0.00
p_002250,xp_onboarding_mission_pack,mission_pack,2026-01-29,0,0,0.00
p_002251,xp_onboarding_mission_pack,mission_pack,2026-02-23,1,0,0.00
p_002252,xp_onboarding_mission_pack,mission_pack,2026-02-24,0,0,0.00
p_002253,xp_onboarding_mission_pack,mission_pack,2026-01-07,0,0,0.00
p_002254,xp_onboarding_mission_pack,mission_pack,2026-01-29,0,1,4.99
p_002255,xp_onboarding_mission_pack,mission_pack,2026-02-21,0,1,4.99
p_002256,xp_onboarding_mission_pack,control,2026-02-02,1,0,0.00
p_002257,xp_onboarding_mission_pack,mission_pack,2026-02-03,0,0,0.00
p_002258,xp_onboarding_mission_pack,control,2026-01-24,0,0,0.00
p_002259,xp_onboarding_mission_pack,control,2026-01-15,1,0,0.00
p_002260,xp_onboarding_mission_pack,mission_pack,2026-02-08,0,0,0.00
p_002261,xp_onboarding_mission_pack,control,2026-01-28,1,0,0.00
p_002262,xp_onboarding_mission_pack,control,2026-01-24,1,0,0.00
p_002263,xp_onboarding_mission_pack,control,2026-01-19,0,0,0.00
p_002264,xp_onboarding_mission_pack,mission_pack,2026-02-16,0,0,0.00
p_002265,xp_onboarding_mission_pack,mission_pack,2026-02-10,0,0,0.00
p_002266,xp_onboarding_mission_pack,mission_pack,2026-02-06,1,0,0.00
p_002267,xp_onboarding_mission_pack,control,2026-01-06,0,0,0.00
p_002268,xp_onboarding_mission_pack,control,2026-01-15,0,1,4.99
p_002269,xp_onboarding_mission_pack,mission_pack,2026-02-22,0,0,0.00
p_002270,xp_onboarding_mission_pack,control,2026-01-30,0,0,0.00
p_002271,xp_onboarding_mission_pack,control,2026-01-14,1,0,0.00
p_002272,xp_onboarding_mission_pack,mission_pack,2026-02-02,1,0,0.00
p_002273,xp_onboarding_mission_pack,mission_pack,2026-02-22,0,0,0.00
p_002274,xp_onboarding_mission_pack,control,2026-01-12,0,0,0.00
p_002275,xp_onboarding_mission_pack,mission_pack,2026-02-24,1,0,0.00
p_002276,xp_onboarding_mission_pack,mission_pack,2026-02-10,0,0,0.00
p_002277,xp_onboarding_mission_pack,mission_pack,2026-01-05,1,0,0.00
p_002278,xp_onboarding_mission_pack,control,2026-02-10,0,0,0.00
p_002279,xp_onboarding_mission_pack,mission_pack,2026-01-20,1,0,0.00
p_002280,xp_onboarding_mission_pack,mission_pack,2026-01-25,1,0,0.00
p_002281,xp_onboarding_mission_pack,mission_pack,2026-01-29,1,0,0.00
p_002282,xp_onboarding_mission_pack,mission_pack,2026-01-03,1,0,0.00
p_002283,xp_onboarding_mission_pack,mission_pack,2026-02-15,1,1,4.99
p_002284,xp_onboarding_mission_pack,control,2026-01-10,1,0,0.00
p_002285,xp_onboarding_mission_pack,control,2026-02-20,1,0,0.00
p_002286,xp_onboarding_mission_pack,mission_pack,2026-01-22,1,0,0.00
p_002287,xp_onboarding_mission_pack,mission_pack,2026-02-22,0,0,0.00
p_002288,xp_onboarding_mission_pack,control,2026-02-24,0,0,0.00
p_002289,xp_onboarding_mission_pack,control,2026-01-01,1,0,0.00
p_002290,xp_onboarding_mission_pack,control,2026-02-20,0,0,0.00
p_002291,xp_onboarding_mission_pack,mission_pack,2026-01-12,0,0,0.00
p_002292,xp_onboarding_mission_pack,control,2026-02-18,1,0,0.00
p_002293,xp_onboarding_mission_pack,mission_pack,2026-01-01,0,0,0.00
p_002294,xp_onboarding_mission_pack,mission_pack,2026-01-01,1,0,0.00
p_002295,xp_onboarding_mission_pack,mission_pack,2026-01-24,0,0,0.00
p_002296,xp_onboarding_mission_pack,mission_pack,2026-01-19,0,0,0.00
p_002297,xp_onboarding_mission_pack,mission_pack,2026-02-01,0,0,0.00
p_002298,xp_onboarding_mission_pack,control,2026-01-26,1,1,9.98
p_002299,xp_onboarding_mission_pack,control,2026-02-07,0,0,0.00
p_002300,xp_onboarding_mission_pack,control,2026-01-11,1,0,0.00
p_002301,xp_onboarding_mission_pack,control,2026-02-01,0,0,0.00
p_002302,xp_onboarding_mission_pack,mission_pack,2026-01-15,0,0,0.00
p_002303,xp_onboarding_mission_pack,mission_pack,2026-01-29,1,0,0.00
p_002304,xp_onboarding_mission_pack,control,2026-01-02,1,0,0.00
p_002305,xp_onboarding_mission_pack,mission_pack,2026-02-04,0,0,0.00
p_002306,xp_onboarding_mission_pack,control,2026-02-18,1,0,0.00
p_002307,xp_onboarding_mission_pack,control,2026-02-24,0,0,0.00
p_002308,xp_onboarding_mission_pack,control,2026-02-07,1,0,0.00
p_002309,xp_onboarding_mission_pack,mission_pack,2026-01-06,0,0,0.00
p_002310,xp_onboarding_mission_pack,mission_pack,2026-02-04,1,0,0.00
p_002311,xp_onboarding_mission_pack,control,2026-01-31,1,0,0.00
p_002312,xp_onboarding_mission_pack,control,2026-01-02,0,0,0.00
p_002313,xp_onboarding_mission_pack,mission_pack,2026-01-21,0,0,0.00
p_002314,xp_onboarding_mission_pack,control,2026-02-21,0,0,0.00
p_002315,xp_onboarding_mission_pack,mission_pack,2026-02-24,1,0,0.00
p_002316,xp_onboarding_mission_pack,mission_pack,2026-02-13,0,0,0.00
p_002317,xp_onboarding_mission_pack,control,2026-01-02,0,0,0.00
p_002318,xp_onboarding_mission_pack,mission_pack,2026-01-25,0,0,0.00
p_002319,xp_onboarding_mission_pack,mission_pack,2026-02-24,0,0,0.00
p_002320,xp_onboarding_mission_pack,control,2026-02-19,1,0,0.00
p_002321,xp_onboarding_mission_pack,mission_pack,2026-02-24,0,0,0.00
p_002322,xp_onboarding_mission_pack,mission_pack,2026-02-04,0,0,0.00
p_002323,xp_onboarding_mission_pack,control,2026-01-17,1,0,0.00
p_002324,xp_onboarding_mission_pack,control,2026-02-24,0,0,0.00
p_002325,xp_onboarding_mission_pack,control,2026-02-12,1,0,0.00
p_002326,xp_onboarding_mission_pack,control,2026-01-01,1,0,0.00
p_002327,xp_onboarding_mission_pack,mission_pack,2026-01-08,1,0,0.00
p_002328,xp_onboarding_mission_pack,control,2026-02-21,1,0,0.00
p_002329,xp_onboarding_mission_pack,mission_pack,2026-02-20,0,0,0.00
p_002330,xp_onboarding_mission_pack,control,2026-01-27,0,0,0.00
p_002331,xp_onboarding_mission_pack,control,2026-02-03,0,0,0.00
p_002332,xp_onboarding_mission_pack,control,2026-01-11,0,0,0.00
p_002333,xp_onboarding_mission_pack,mission_pack,2026-01-02,1,0,0.00
p_002334,xp_onboarding_mission_pack,mission_pack,2026-01-02,0,0,0.00
p_002335,xp_onboarding_mission_pack,control,2026-01-08,0,0,0.00
p_002336,xp_onboarding_mission_pack,mission_pack,2026-01-05,0,0,0.00
p_002337,xp_onboarding_mission_pack,control,2026-01-18,0,0,0.00
p_002338,xp_onboarding_mission_pack,mission_pack,2026-01-03,1,0,0.00
p_002339,xp_onboarding_mission_pack,control,2026-02-11,1,0,0.00
p_002340,xp_onboarding_mission_pack,control,2026-01-18,1,0,0.00
p_002341,xp_onboarding_mission_pack,control,2026-02-15,0,0,0.00
p_002342,xp_onboarding_mission_pack,mission_pack,2026-01-09,0,0,0.00
p_002343,xp_onboarding_mission_pack,mission_pack,2026-02-02,0,0,0.00
p_002344,xp_onboarding_mission_pack,mission_pack,2026-01-29,0,0,0.00
p_002345,xp_onboarding_mission_pack,control,2026-02-14,1,1,4.99
p_002346,xp_onboarding_mission_pack,mission_pack,2026-02-15,1,0,0.00
p_002347,xp_onboarding_mission_pack,mission_pack,2026-02-09,1,0,0.00
p_002348,xp_onboarding_mission_pack,control,2026-01-06,1,0,0.00
p_002349,xp_onboarding_mission_pack,control,2026-01-15,0,0,0.00
p_002350,xp_onboarding_mission_pack,control,2026-02-10,0,0,0.00
p_002351,xp_onboarding_mission_pack,control,2026-02-12,0,0,0.00
p_002352,xp_onboarding_mission_pack,mission_pack,2026-01-19,0,0,0.00
p_002353,xp_onboarding_mission_pack,control,2026-01-16,1,0,0.00
p_002354,xp_onboarding_mission_pack,mission_pack,2026-01-13,0,0,0.00
p_002355,xp_onboarding_mission_pack,mission_pack,2026-01-15,1,0,0.00
p_002356,xp_onboarding_mission_pack,mission_pack,2026-01-08,0,0,0.00
p_002357,xp_onboarding_mission_pack,mission_pack,2026-01-28,1,0,0.00
p_002358,xp_onboarding_mission_pack,control,2026-01-24,1,0,0.00
p_002359,xp_onboarding_mission_pack,control,2026-02-09,0,0,0.00
p_002360,xp_onboarding_mission_pack,mission_pack,2026-02-17,0,0,0.00
p_002361,xp_onboarding_mission_pack,mission_pack,2026-01-27,0,0,0.00
p_002362,xp_onboarding_mission_pack,mission_pack,2026-02-19,0,0,0.00
p_002363,xp_onboarding_mission_pack,control,2026-01-03,0,0,0.00
p_002364,xp_onboarding_mission_pack,control,2026-01-13,1,0,0.00
p_002365,xp_onboarding_mission_pack,control,2026-01-03,0,0,0.00
p_002366,xp_onboarding_mission_pack,mission_pack,2026-01-22,0,0,0.00
p_002367,xp_onboarding_mission_pack,mission_pack,2026-02-18,0,0,0.00
p_002368,xp_onboarding_mission_pack,mission_pack,2026-02-22,0,0,0.00
p_002369,xp_onboarding_mission_pack,mission_pack,2026-01-30,0,0,0.00
p_002370,xp_onboarding_mission_pack,control,2026-02-10,1,0,0.00
p_002371,xp_onboarding_mission_pack,mission_pack,2026-01-28,1,1,14.98
p_002372,xp_onboarding_mission_pack,control,2026-01-24,1,0,0.00
p_002373,xp_onboarding_mission_pack,control,2026-02-11,1,0,0.00
p_002374,xp_onboarding_mission_pack,control,2026-02-07,0,0,0.00
p_002375,xp_onboarding_mission_pack,control,2026-01-07,0,0,0.00
p_002376,xp_onboarding_mission_pack,control,2026-02-03,0,0,0.00
p_002377,xp_onboarding_mission_pack,mission_pack,2026-02-12,1,0,0.00
p_002378,xp_onboarding_mission_pack,mission_pack,2026-02-20,1,0,0.00
p_002379,xp_onboarding_mission_pack,mission_pack,2026-01-18,1,0,0.00
p_002380,xp_onboarding_mission_pack,mission_pack,2026-01-06,1,0,0.00
p_002381,xp_onboarding_mission_pack,mission_pack,2026-01-27,0,0,0.00
p_002382,xp_onboarding_mission_pack,control,2026-02-12,0,0,0.00
p_002383,xp_onboarding_mission_pack,control,2026-01-25,0,0,0.00
p_002384,xp_onboarding_mission_pack,control,2026-02-03,1,0,0.00
p_002385,xp_onboarding_mission_pack,mission_pack,2026-01-23,1,0,0.00
p_002386,xp_onboarding_mission_pack,control,2026-02-21,1,0,0.00
p_002387,xp_onboarding_mission_pack,control,2026-02-18,1,0,0.00
p_002388,xp_onboarding_mission_pack,mission_pack,2026-02-13,0,0,0.00
p_002389,xp_onboarding_mission_pack,control,2026-02-01,0,0,0.00
p_002390,xp_onboarding_mission_pack,mission_pack,2026-01-29,0,0,0.00
p_002391,xp_onboarding_mission_pack,control,2026-01-27,0,0,0.00
p_002392,xp_onboarding_mission_pack,mission_pack,2026-01-13,0,0,0.00
p_002393,xp_onboarding_mission_pack,control,2026-02-10,0,0,0.00
p_002394,xp_onboarding_mission_pack,mission_pack,2026-01-13,1,0,0.00
p_002395,xp_onboarding_mission_pack,control,2026-02-05,0,0,0.00
p_002396,xp_onboarding_mission_pack,mission_pack,2026-01-11,1,0,0.00
p_002397,xp_onboarding_mission_pack,control,2026-01-21,0,0,0.00
p_002398,xp_onboarding_mission_pack,control,2026-01-22,0,0,0.00
p_002399,xp_onboarding_mission_pack,mission_pack,2026-02-21,1,0,0.00
p_002400,xp_onboarding_mission_pack,control,2026-01-12,0,0,0.00
p_002401,xp_onboarding_mission_pack,control,2026-02-08,1,1,4.99
p_002402,xp_onboarding_mission_pack,mission_pack,2026-01-31,0,0,0.00
p_002403,xp_onboarding_mission_pack,mission_pack,2026-02-13,0,0,0.00
p_002404,xp_onboarding_mission_pack,control,2026-01-02,0,0,0.00
p_002405,xp_onboarding_mission_pack,mission_pack,2026-02-07,0,0,0.00
p_002406,xp_onboarding_mission_pack,control,2026-02-17,0,0,0.00
p_002407,xp_onboarding_mission_pack,mission_pack,2026-01-10,0,0,0.00
p_002408,xp_onboarding_mission_pack,control,2026-01-10,0,0,0.00
p_002409,xp_onboarding_mission_pack,mission_pack,2026-01-10,0,1,14.98
p_002410,xp_onboarding_mission_pack,mission_pack,2026-01-30,0,1,4.99
p_002411,xp_onboarding_mission_pack,mission_pack,2026-02-16,1,0,0.00
p_002412,xp_onboarding_mission_pack,control,2026-02-19,0,0,0.00
p_002413,xp_onboarding_mission_pack,control,2026-01-02,0,0,0.00
p_002414,xp_onboarding_mission_pack,control,2026-02-17,1,0,0.00
p_002415,xp_onboarding_mission_pack,control,2026-01-30,0,0,0.00
p_002416,xp_onboarding_mission_pack,mission_pack,2026-01-31,1,0,0.00
p_002417,xp_onboarding_mission_pack,mission_pack,2026-02-11,1,0,0.00
p_002418,xp_onboarding_mission_pack,control,2026-02-02,0,0,0.00
p_002419,xp_onboarding_mission_pack,control,2026-01-14,1,0,0.00
p_002420,xp_onboarding_mission_pack,control,2026-02-07,0,0,0.00
p_002421,xp_onboarding_mission_pack,control,2026-02-15,1,0,0.00
p_002422,xp_onboarding_mission_pack,mission_pack,2026-02-09,0,0,0.00
p_002423,xp_onboarding_mission_pack,control,2026-01-09,0,0,0.00
p_002424,xp_onboarding_mission_pack,control,2026-01-08,0,0,0.00
p_002425,xp_onboarding_mission_pack,control,2026-01-07,0,0,0.00
p_002426,xp_onboarding_mission_pack,control,2026-02-02,0,0,0.00
p_002427,xp_onboarding_mission_pack,mission_pack,2026-01-03,1,0,0.00
p_002428,xp_onboarding_mission_pack,control,2026-01-02,0,0,0.00
p_002429,xp_onboarding_mission_pack,control,2026-01-09,0,0,0.00
p_002430,xp_onboarding_mission_pack,mission_pack,2026-02-12,1,0,0.00
p_002431,xp_onboarding_mission_pack,control,2026-01-05,1,0,0.00
p_002432,xp_onboarding_mission_pack,control,2026-01-11,1,0,0.00
p_002433,xp_onboarding_mission_pack,control,2026-02-13,0,0,0.00
p_002434,xp_onboarding_mission_pack,control,2026-01-12,1,0,0.00
p_002435,xp_onboarding_mission_pack,control,2026-02-21,1,0,0.00
p_002436,xp_onboarding_mission_pack,mission_pack,2026-02-13,0,0,0.00
p_002437,xp_onboarding_mission_pack,mission_pack,2026-01-02,0,0,0.00
p_002438,xp_onboarding_mission_pack,mission_pack,2026-02-13,0,0,0.00
p_002439,xp_onboarding_mission_pack,control,2026-01-20,1,0,0.00
p_002440,xp_onboarding_mission_pack,control,2026-01-27,0,0,0.00
p_002441,xp_onboarding_mission_pack,control,2026-02-21,1,0,0.00
p_002442,xp_onboarding_mission_pack,mission_pack,2026-01-04,0,0,0.00
p_002443,xp_onboarding_mission_pack,mission_pack,2026-01-02,0,0,0.00
p_002444,xp_onboarding_mission_pack,mission_pack,2026-02-04,0,0,0.00
p_002445,xp_onboarding_mission_pack,mission_pack,2026-01-17,1,0,0.00
p_002446,xp_onboarding_mission_pack,mission_pack,2026-01-26,0,0,0.00
p_002447,xp_onboarding_mission_pack,mission_pack,2026-02-05,0,0,0.00
p_002448,xp_onboarding_mission_pack,control,2026-02-19,0,0,0.00
p_002449,xp_onboarding_mission_pack,mission_pack,2026-02-15,1,0,0.00
p_002450,xp_onboarding_mission_pack,mission_pack,2026-02-22,0,0,0.00
p_002451,xp_onboarding_mission_pack,control,2026-01-24,0,0,0.00
p_002452,xp_onboarding_mission_pack,mission_pack,2026-01-31,1,0,0.00
p_002453,xp_onboarding_mission_pack,mission_pack,2026-02-03,0,0,0.00
p_002454,xp_onboarding_mission_pack,mission_pack,2026-01-09,1,0,0.00
p_002455,xp_onboarding_mission_pack,control,2026-01-24,1,0,0.00
p_002456,xp_onboarding_mission_pack,mission_pack,2026-01-20,0,0,0.00
p_002457,xp_onboarding_mission_pack,control,2026-02-18,1,0,0.00
p_002458,xp_onboarding_mission_pack,mission_pack,2026-02-12,1,0,0.00
p_002459,xp_onboarding_mission_pack,mission_pack,2026-02-18,0,0,0.00
p_002460,xp_onboarding_mission_pack,mission_pack,2026-02-13,1,0,0.00
p_002461,xp_onboarding_mission_pack,mission_pack,2026-01-06,0,0,0.00
p_002462,xp_onboarding_mission_pack,mission_pack,2026-01-18,1,0,0.00
p_002463,xp_onboarding_mission_pack,mission_pack,2026-01-12,1,0,0.00
p_002464,xp_onboarding_mission_pack,control,2026-01-28,0,0,0.00
p_002465,xp_onboarding_mission_pack,control,2026-01-11,0,1,9.99
p_002466,xp_onboarding_mission_pack,mission_pack,2026-01-15,1,0,0.00
p_002467,xp_onboarding_mission_pack,control,2026-02-11,0,0,0.00
p_002468,xp_onboarding_mission_pack,mission_pack,2026-01-09,0,0,0.00
p_002469,xp_onboarding_mission_pack,mission_pack,2026-01-09,0,0,0.00
p_002470,xp_onboarding_mission_pack,control,2026-01-28,1,0,0.00
p_002471,xp_onboarding_mission_pack,control,2026-01-04,1,0,0.00
p_002472,xp_onboarding_mission_pack,control,2026-02-21,0,0,0.00
p_002473,xp_onboarding_mission_pack,control,2026-02-11,0,0,0.00
p_002474,xp_onboarding_mission_pack,mission_pack,2026-01-06,0,0,0.00
p_002475,xp_onboarding_mission_pack,mission_pack,2026-02-06,0,0,0.00
p_002476,xp_onboarding_mission_pack,control,2026-01-31,0,0,0.00
p_002477,xp_onboarding_mission_pack,mission_pack,2026-01-16,1,0,0.00
p_002478,xp_onboarding_mission_pack,mission_pack,2026-01-24,0,0,0.00
p_002479,xp_onboarding_mission_pack,control,2026-02-05,0,0,0.00
p_002480,xp_onboarding_mission_pack,mission_pack,2026-02-12,0,0,0.00
p_002481,xp_onboarding_mission_pack,control,2026-01-30,1,0,0.00
p_002482,xp_onboarding_mission_pack,control,2026-01-30,0,0,0.00
p_002483,xp_onboarding_mission_pack,control,2026-02-15,0,0,0.00
p_002484,xp_onboarding_mission_pack,mission_pack,2026-01-26,0,0,0.00
p_002485,xp_onboarding_mission_pack,mission_pack,2026-01-16,0,0,0.00
p_002486,xp_onboarding_mission_pack,control,2026-02-09,0,0,0.00
p_002487,xp_onboarding_mission_pack,mission_pack,2026-01-08,0,0,0.00
p_002488,xp_onboarding_mission_pack,control,2026-01-28,1,0,0.00
p_002489,xp_onboarding_mission_pack,control,2026-01-07,1,0,0.00
p_002490,xp_onboarding_mission_pack,control,2026-01-04,0,0,0.00
p_002491,xp_onboarding_mission_pack,mission_pack,2026-02-17,0,0,0.00
p_002492,xp_onboarding_mission_pack,mission_pack,2026-01-19,1,0,0.00
p_002493,xp_onboarding_mission_pack,mission_pack,2026-01-10,0,0,0.00
p_002494,xp_onboarding_mission_pack,mission_pack,2026-01-02,1,0,0.00
p_002495,xp_onboarding_mission_pack,control,2026-01-28,0,0,0.00
p_002496,xp_onboarding_mission_pack,control,2026-01-09,1,0,0.00
p_002497,xp_onboarding_mission_pack,mission_pack,2026-02-09,0,0,0.00
p_002498,xp_onboarding_mission_pack,control,2026-01-01,1,0,0.00
p_002499,xp_onboarding_mission_pack,control,2026-02-19,1,0,0.00
p_002500,xp_onboarding_mission_pack,mission_pack,2026-02-04,0,0,0.00